,lightgbm,catboost,rbfsvm,gbc,ridge,lr,lda,ada,knn,nb,et,rf,xgboost,gpc,mlp,dt,svm,qda
HMP3_testN_1,0.28862083190228843,0.3529304711850473,0.47472115180086066,0.18657613701857118,0.0,0.100688592826929,0.5350345704750553,0.48715083368029766,0.6,2.308495125341902e-12,0.39,0.41,0.6542443633079529,0.49999999500016656,0.5263356895092808,0.0,0.0,4.3979984387171044e-23
HMP3_testN_2,0.0051900074178975785,0.033587375125300724,0.1029166849552902,0.02428202201695512,0.0,0.010237243963786696,0.0017395818429683113,0.4832214798465897,0.4,1.0978306146403165e-47,0.1,0.08,0.004020280204713345,0.49997195018886703,2.720955396327607e-09,0.0,0.0,1.1825544909084114e-81
HMP3_testN_3,0.049820803350960605,0.1282587440766926,0.06268456373383689,0.03183551536617719,0.0,0.07635015379750779,0.21342556212375074,0.4986187420403559,0.4,3.5206500649415856e-84,0.21,0.17,0.052894044667482376,0.4999999949874941,2.1752414210719792e-07,0.0,0.0,1.004052690757539e-121
HMP3_testN_4,0.913301968875463,0.7253995162749367,0.7023028658452223,0.7340865916130382,1.0,0.6095098325982296,0.8726134176867005,0.4923712496112543,0.6,0.8165116538678777,0.61,0.55,0.7964687347412109,0.49999999519179333,0.9944393528966227,1.0,1.0,0.033185833361749704
HMP3_testN_5,0.02692016723449063,0.06214301381913525,0.154062946141683,0.08950977561896097,0.0,0.010428079803236625,0.0004480728748639102,0.4810658507927156,0.0,3.623319394165966e-21,0.23,0.16,0.025345532223582268,0.49999999500013653,0.00044724459858966716,1.0,0.0,7.343137446743227e-52
HMP3_testN_6,0.09392630731285151,0.3834162416779344,0.278984993764493,0.3171695519422787,0.0,0.0720203705218915,0.5862700216702585,0.49306688990664743,0.8,3.265430421080108e-05,0.45,0.34,0.14522689580917358,0.49999999500016656,0.030926302835797725,0.0,1.0,1.088999528426915e-05
HMP3_testN_7,0.03225772630975103,0.15255365898257778,0.1863123336809194,0.05362799788038835,0.0,0.03089928747695407,0.03470921939928966,0.49083862517330074,0.0,1.8460613039546896e-11,0.34,0.25,0.01226959377527237,0.49999999500016656,3.3482910567935735e-07,0.0,0.0,2.796016394864265e-21
HMP3_testN_8,0.007110649305109414,0.09765251433514896,0.08034121012015331,0.056108232490117885,0.0,0.3160466457429739,0.18664826568224763,0.48328940590763725,0.0,7.168632836646468e-06,0.28,0.18,0.01172903086990118,0.4999999950001565,0.0009870360648974602,0.0,0.0,6.628346413614351e-13
HMP3_testN_9,0.056654930446691114,0.14736569274865086,0.22440836798020322,0.15774952584239474,0.0,0.048819878770131074,0.11758267866161753,0.4862584739411094,0.4,0.04150063761957715,0.27,0.23,0.010937770828604698,0.4998947473501758,0.016352515899018212,0.0,0.0,8.793261960548539e-14
HMP3_testN_10,0.00995292645217535,0.09667923808786362,0.09319019699981891,0.04664255595729124,0.0,0.4209135896098568,0.12462303199455677,0.49146212721718113,0.0,8.286453647744471e-06,0.26,0.11,0.012632577680051327,0.49999988735395867,7.308381471862265e-06,0.0,0.0,4.140636616087196e-14
HMP3_testN_11,0.2863915398512673,0.18781354334006817,0.07150275901864786,0.06506672996989002,0.0,0.15313376571941192,0.017237405973193492,0.48610851422745854,0.2,3.1475782723522074e-31,0.28,0.3,0.03479894623160362,0.4999999949998301,5.631427325281063e-06,0.0,0.0,2.5815135177901963e-49
HMP3_testN_12,0.00591563339467646,0.034538960309619615,0.11424075242630714,0.019808996814315794,0.0,0.014837082885070924,0.004624319921409361,0.463560616164506,0.0,3.950529816354667e-29,0.13,0.13,0.004766075871884823,0.49999999500016634,5.136318269806825e-08,0.0,0.0,8.479943810845819e-51
HMP3_testN_13,0.0066991620877920885,0.03174522924417872,0.047282523465699285,0.02307008108656213,0.0,0.11910728348385294,0.02140716742922212,0.4769828006948858,0.0,3.5564852844543696e-11,0.11,0.06,0.0012182495556771755,0.4999999949959872,3.341880806858773e-05,0.0,0.0,1.1932919550709154e-17
HMP3_testN_14,0.012403412197734037,0.08930260991368812,0.08514963439668385,0.03609636044271881,0.0,0.28316956294354995,0.031637852467876974,0.48492804986225296,0.0,3.544593207734838e-11,0.11,0.11,0.002684906357899308,0.49999999500015524,0.27249447876214883,0.0,0.0,5.354616471147492e-12
HMP3_testN_15,0.004615842554412865,0.0714271270232359,0.026681025404087656,0.059727359330564625,0.0,0.0030486852924643515,0.005519803241834264,0.47331161769247443,0.0,1.3266192853292822e-13,0.09,0.06,0.002115946961566806,0.4993072731853818,6.888786437849419e-10,0.0,0.0,7.161028100611672e-31
HMP3_testN_16,0.03152949994426591,0.1706890758860684,0.1778141560975237,0.05640982461557377,0.0,0.12678163165173703,0.05606389792916721,0.49321779561333756,0.2,8.290526131047125e-08,0.22,0.17,0.015628397464752197,0.4999999949390622,0.5245503833037548,0.0,0.0,2.8310343362830146e-15
HMP3_testN_17,0.0018402464813870242,0.0267767738499324,0.049504864617858794,0.01265141139319043,0.0,0.004234630037756832,0.0017419480244905757,0.46928658386278094,0.0,7.26434608613521e-21,0.1,0.04,0.0009343592100776732,0.4999999949448308,1.978658401648677e-09,0.0,0.0,3.4262988833580026e-30
HMP3_testN_18,0.0038928020746618734,0.0319197918338432,0.026484440715964667,0.04142759391154196,0.0,0.004905187953291296,0.0035981405006458994,0.4771011395564208,0.0,1.039132068349272e-11,0.09,0.07,0.001032348140142858,0.499999994829371,1.3881455460574695e-09,0.0,0.0,5.140739502370668e-34
HMP3_testN_19,0.006131296390316405,0.05264905500652117,0.04604446477423601,0.02500235299125668,0.0,0.03402589884523553,0.008964945284697283,0.47840902498234616,0.0,3.5318346260128246e-10,0.16,0.07,0.0017978487303480506,0.4999999948271773,0.00020380941988427516,0.0,0.0,5.845737738987975e-23
HMP3_testN_20,0.12344022497897962,0.1321093539885017,0.13620607095863888,0.10343983996099557,0.0,0.02103612475444104,0.037240155572748665,0.49077348184861386,0.0,3.1182553318733694e-10,0.14,0.13,0.04824763908982277,0.49999999500016645,0.0005740719589616271,0.0,0.0,3.557794657502171e-21
HMP3_testN_21,0.033183717192473955,0.15719544104900815,0.16099358988983847,0.10922515275277836,0.0,0.05698566063952453,0.02309528070655488,0.4853325153351578,0.6,0.11160561444007967,0.35,0.29,0.009173952043056488,0.49997812443922096,1.0886980950001918e-05,1.0,0.0,1.4703131061834935e-13
HMP3_testN_22,0.006480030525818621,0.04978344728954579,0.023465575666645755,0.04743576005504954,0.0,0.5235751376704989,0.16853576748578886,0.4782153429910795,0.4,3.7354346333532257e-07,0.23,0.17,0.0029373459983617067,0.4999999949949846,9.894338891290468e-05,0.0,0.0,3.661068564490246e-14
HMP3_testN_23,0.03326406092327886,0.17646851282360815,0.0945213723500845,0.04159988223184057,0.0,0.6076059566573856,0.6906651864368839,0.4995961124946215,0.2,1.0,0.18,0.22,0.008615681901574135,0.49999999500016656,2.9276301777908563e-05,0.0,1.0,0.9999999999999998
HMP3_testN_24,0.17775001920348837,0.26555936253595136,0.14943439774634698,0.13213743889314578,0.0,0.34874800700125247,0.368932083178802,0.4875381556819022,0.2,0.00862789485941486,0.28,0.25,0.01299949362874031,0.49995661507919076,0.15882317431697424,1.0,0.0,4.750988625362126e-08
HMP3_testN_25,0.016501077333647696,0.053595372873331194,0.057561760815037534,0.01903080739673345,0.0,0.009372868517688827,0.007189266265214292,0.47371705023308963,0.2,4.1895071287078677e-10,0.24,0.18,0.001838464057072997,0.49999999500016656,0.00016603495637223427,0.0,0.0,2.6507192741884013e-09
HMP3_testN_26,0.0044929675966524744,0.07137612069620987,0.06610566594098244,0.07042086287888395,0.0,0.09438799042298833,0.02742553544530957,0.4852277407657761,0.2,1.4363557566702764e-07,0.26,0.24,0.004379807505756617,0.4999999864244463,0.0025931380615670883,0.0,0.0,2.8408266011996636e-15
HMP3_testN_27,0.04463661286314197,0.11998028332937011,0.03599540377592171,0.05726909550932631,0.0,0.0002395212798909128,0.0038647404277642886,0.4792397315124963,0.4,3.3509830848241015e-12,0.33,0.36,0.11089780181646347,0.49999999500016656,1.5260557626582624e-07,1.0,0.0,2.213110696039058e-19
HMP3_testN_28,0.008784361351064553,0.07920231711540918,0.05085255612838629,0.024908184005923255,0.0,0.1401396915908983,0.0379205108158921,0.48794002553304977,0.0,1.09874253613303e-06,0.14,0.13,0.009843552485108376,0.4998524581595487,3.4281449768605147e-06,0.0,0.0,4.680232379232237e-22
HMP3_testN_29,0.003435253597402782,0.04092214503576989,0.0496956453232601,0.03798521515049559,0.0,0.002362199246953591,0.005413782989584389,0.4668224190686668,0.0,1.2434734881697118e-09,0.29,0.2,0.005045208148658276,0.49999999500016656,3.4661518823316213e-10,0.0,0.0,9.385302092787846e-15
HMP3_testN_30,0.09165491225980596,0.13909348532847482,0.08117924721710128,0.17784647615382246,0.0,0.12189287285603345,0.04756325002402116,0.4726644419070951,0.2,4.04620309380912e-06,0.31,0.23,0.09421077370643616,0.49999999500016656,1.955530223052528e-05,0.0,0.0,7.90131685009259e-17
HMP3_testN_31,0.1318976584681737,0.13139483384000683,0.2280614318006439,0.2428859698220703,1.0,0.49053316296116173,0.16375660046505433,0.49402688662713434,0.2,1.781370576597207e-06,0.29,0.31,0.07631970196962357,0.49999999500016656,0.5057028384898522,0.0,0.0,4.881239481813175e-10
HMP3_testN_32,0.13814154550890495,0.1455021416355351,0.13184361810340048,0.2045662595580961,0.0,0.25571081849020727,0.06160600056341026,0.4801871770497307,0.2,9.180888241744344e-06,0.26,0.19,0.1198606789112091,0.49999999500016656,0.12647127198278135,1.0,0.0,9.170934268062376e-12
HMP3_testN_33,0.007524002105326148,0.08679382441267623,0.07822858300612634,0.36220598454533975,0.0,0.03580083022145849,0.028328207789516568,0.480946057145893,0.0,6.885350520206994e-11,0.24,0.3,0.026392251253128052,0.49999999500016656,5.4856714178967405e-09,1.0,0.0,2.5479953574372884e-36
HMP3_testN_34,0.006298604495448379,0.09044646723296394,0.07611829879268894,0.06605609671039099,0.0,0.11694102493018758,0.016824596089716162,0.4840469071650955,0.0,2.3124577214798722e-08,0.15,0.19,0.0027699011843651533,0.4999999396592897,1.850086681904424e-05,0.0,0.0,1.4043619929701026e-20
HMP3_testN_35,0.9725909287163548,0.7876034801350378,0.8387824100922551,0.9521301662429578,0.0,0.99041269564112,0.9769038703679283,0.5048893441533147,1.0,1.0,0.79,0.74,0.7970896363258362,0.49999999501257175,0.9923772950790594,1.0,1.0,1.0
HMP3_testN_36,0.5488489534008084,0.39395652291388455,0.25217506824167457,0.4378044317895449,1.0,0.7204535307916701,0.9373258813221023,0.5067809307364152,0.4,0.9994455665363795,0.32,0.45,0.22289574146270752,0.49997535252372993,0.022921902762130672,1.0,1.0,1.4209411972834494e-05
HMP3_testN_37,0.011230585763138312,0.05102304128069956,0.029078769575259348,0.029014778038502945,0.0,0.030589044781418825,0.23376413215413713,0.4885763614270905,0.0,6.069361440087327e-06,0.11,0.33,0.004467105492949486,0.49999121585139783,1.684484746776291e-07,0.0,0.0,2.0572301500656242e-19
HMP3_testN_38,0.1714420581734311,0.28386476131280663,0.0917723198107013,0.16726540438384502,1.0,0.46119163166126576,0.6848102455494834,0.5016449242048538,0.0,0.8768028658616842,0.29,0.45,0.095245860517025,0.4919130757804737,7.4655437875275106e-06,0.0,1.0,3.6110655864269595e-09
HMP3_testN_39,0.0243562406928455,0.20531884268907924,0.21439617432502142,0.14526816695582628,1.0,0.7051060817279616,0.35403885397142715,0.49069044571631165,1.0,0.21354589795059922,0.35,0.27,0.005058265291154385,0.49999999500016656,2.653018986842465e-05,1.0,0.0,0.0002995090927171466
HMP3_testN_40,0.9502578559149552,0.7990132270692564,0.7930287904483849,0.9058854360544235,1.0,0.8525880921632115,0.7757106560213213,0.5164022508852197,0.6,1.9488023023290555e-07,0.72,0.65,0.9621267318725586,0.500000077367098,0.9870472161284327,1.0,1.0,0.006979443861581853
HMP3_testN_41,0.910010475237257,0.6150112872659681,0.8858599735738988,0.8100145987549612,1.0,0.7286776168133278,0.7576291665098965,0.5020635506902582,0.8,0.0003888062781453132,0.68,0.64,0.881393313407898,0.5000678802406013,0.9990005666155651,1.0,1.0,0.5333118368350233
HMP3_testN_42,0.9456298717584178,0.7351653620229182,0.8425085779744119,0.7306819556879665,1.0,0.5770230103681238,0.7348518266245997,0.5058976545903126,0.6,0.02388738398497269,0.66,0.72,0.894512414932251,0.500672829999737,0.9930174219484952,1.0,1.0,0.9052165545870431
HMP3_testN_43,0.034777339756597886,0.1197449074790261,0.11094764175600622,0.024780701689787545,0.0,0.048264946471512964,0.024885893623562506,0.49616451810885115,0.2,3.0009516933949377e-10,0.29,0.1,0.010325213894248009,0.4999999949991191,7.598862620766042e-06,0.0,0.0,8.03508464522988e-09
HMP3_testN_44,0.7115855814830736,0.5190431430675524,0.7535981831654517,0.568712629965928,1.0,0.6492559014846747,0.508185174801573,0.4947779607886599,1.0,0.6599220554751389,0.59,0.47,0.6295515298843384,0.49999999500016656,0.9999383221139447,1.0,0.0,0.3916722457639245
HMP3_testN_45,0.024245813614661132,0.12096267083798343,0.12581043518432583,0.0593905610337706,0.0,0.07770709677069623,0.000994777929387998,0.49306086174749625,0.0,9.786054429441916e-18,0.24,0.13,0.03964223340153694,0.49999999500016656,0.0016918195568828894,0.0,0.0,2.6773618370058254e-19
HMP3_testN_46,0.2957593359726752,0.3052347419546156,0.3102927684926741,0.2852169909227411,0.0,0.16986568879631708,0.22028945454488952,0.4956263470080278,0.8,2.226980418192429e-06,0.39,0.37,0.43027567863464355,0.49999999500016656,0.019235947117518335,1.0,0.0,0.002423295724341153
HMP3_testN_47,0.027477379217820574,0.10342372655921075,0.15275241752479501,0.058606304282775884,0.0,0.16369421150129268,0.021485776526714136,0.49738634255376313,0.2,9.49791107955009e-10,0.21,0.21,0.015796158462762833,0.4996605853363917,0.000848343067636958,0.0,0.0,7.155271111806839e-24
HMP3_testN_48,0.011320096339909096,0.09112405936842877,0.11180328375607816,0.03027300817253828,0.0,0.22840025617233553,0.10008231363665902,0.4855542610903248,0.4,4.146855898666697e-06,0.13,0.21,0.002147881081327796,0.46952309676755277,8.552693549200371e-07,0.0,0.0,2.503660529755435e-13
HMP3_testN_49,0.684482645419462,0.4614881759853032,0.26987110340828296,0.4652652157348909,0.0,0.36998341315011896,0.5546234753281906,0.50197472926635,0.6,0.8996916145925993,0.46,0.43,0.2491588443517685,0.4999999949929927,1.287267074878361e-05,1.0,0.0,0.18628716205553536
HMP3_testN_50,0.5144487343464776,0.35961502472127205,0.2454310180427832,0.3173714269570655,0.0,0.2825889955055191,0.3986278442518481,0.48808193883406165,0.4,0.33892265521236364,0.47,0.51,0.35069528222084045,0.4999999924898249,0.13332930703135246,0.0,0.0,0.03872916795139585
HMP3_testN_51,0.09377664824757047,0.11881854137131136,0.0728075237546043,0.07053583272648294,0.0,0.044020749170029835,0.12642777262022853,0.4921153711398523,0.0,1.6120370723701556e-07,0.3,0.24,0.004480916541069746,0.499999995000089,8.006567971950323e-05,0.0,0.0,1.6866006729027827e-16
HMP3_testN_52,0.09078048980503237,0.20549454439614062,0.1408247072673524,0.03948874039177029,0.0,0.08107634840600907,0.05259660630393278,0.49108798461766423,0.4,1.7496533619722295e-12,0.38,0.31,0.026778824627399445,0.4997552110018877,7.626178389822021e-05,1.0,0.0,5.076023788612901e-16
HMP3_testN_53,0.03523149883504798,0.20985333130847597,0.20060137256861527,0.022673106318876233,0.0,0.050960303885710816,0.15455843784138829,0.49603822845445905,0.4,0.02038536020489424,0.36,0.32,0.007924240082502365,0.49999999500016656,0.0001812763764966798,0.0,0.0,4.402083148927281e-08
HMP3_testN_54,0.03442038065445611,0.07269887356652599,0.061126790065595814,0.21723927304170618,0.0,0.12892929531923486,0.03162725074116924,0.480156732450137,0.0,2.243233069076574e-05,0.34,0.26,0.009297245182096958,0.49999999500016656,0.0005374716254255884,0.0,0.0,0.03400386129523156
HMP3_testN_55,0.685653200346523,0.5239294826597432,0.43569402888390013,0.4873459046035299,0.0,0.15439201878400466,0.1439389290157383,0.49913925662866093,0.4,8.514474892332246e-09,0.51,0.47,0.6215602159500122,0.5000008035830443,0.014801966547071188,1.0,0.0,1.4874113260754825e-11
HMP3_testN_56,0.11658108803409051,0.24390909460002,0.06525880111106622,0.24983618373754626,0.0,0.2231956459799065,0.36497408933392184,0.494679579680145,0.6,0.2375384807831442,0.44,0.42,0.11828009784221649,0.49999982999634235,8.99520224148416e-05,1.0,0.0,0.00018550136518381312
HMP3_testN_57,0.0605591057191965,0.19337771859243522,0.08499059113444063,0.04504489229954187,0.0,0.07629665484433189,0.09918021024180505,0.4914216900002166,0.4,3.390800114069917e-05,0.31,0.24,0.0117931654676795,0.49999999499988773,4.6926679289448297e-07,0.0,0.0,7.538022234065398e-11
HMP3_testN_58,0.025754749277138455,0.10696099755005409,0.3941950875453617,0.14644101762136527,0.0,0.1587621675026593,0.04734553321354402,0.47930914968606714,0.8,2.468013701469841e-07,0.39,0.33,0.06056900694966316,0.49999999500016656,2.1996019429316514e-05,0.0,0.0,0.8388585378842283
HMP3_testN_59,0.014366491677570778,0.08166191973123346,0.06156908223192826,0.03782795718122212,0.0,0.038972975496765025,0.08936957543487552,0.4788779794279031,0.2,2.9122997927961054e-05,0.13,0.14,0.0073507968336343765,0.49999856124005526,1.552664471265233e-05,0.0,0.0,3.780868912934716e-11
HMP3_testN_60,0.34872473260585063,0.33489904830802486,0.14883669132021562,0.3971662370528041,0.0,0.36373153908258893,0.39591239497069836,0.505579851214028,0.6,0.03948659694052566,0.47,0.38,0.2671002745628357,0.49999999590002536,0.00013319803306047036,0.0,0.0,0.783611943893768
HMP3_testN_61,0.6183426875027742,0.4616930724346487,0.28503975490776146,0.5687939976108141,0.0,0.1335526611602788,0.5416550859688829,0.502967470941392,0.4,0.9958267667107131,0.58,0.49,0.5100539922714233,0.49996917973575816,0.07387177874177299,0.0,0.0,0.00030121177887460464
HMP3_testN_62,0.09299436266533923,0.15513058440262045,0.06981700293758332,0.09173464824158623,0.0,0.07857631770966454,0.23374238705527056,0.48776188300129314,0.4,0.0029284600718427816,0.32,0.33,0.0680261179804802,0.49999999553576946,0.00013741065230954392,0.0,0.0,0.01891007044632205
HMP3_testN_63,0.013231785230243142,0.0688091679351176,0.05008980072843454,0.020478116519698126,0.0,0.04291818837598142,0.011911004903179125,0.4814568779786005,0.2,3.725603790252095e-12,0.22,0.21,0.0009951626416295767,0.49999999500016656,9.57130730925696e-12,0.0,0.0,5.854525935325622e-16
HMP3_testN_64,0.058542938155222914,0.1815546844789744,0.09749495937762208,0.1633682337654484,0.0,0.07788284359332438,0.36573041241090426,0.4910035621710705,0.6,0.37323810903257215,0.4,0.39,0.0199310090392828,0.49999999500016656,4.177237330821601e-05,0.0,0.0,0.0014485726796147592
HMP3_testN_65,0.039499727340735154,0.17147926275577047,0.0642714771244203,0.15825229550819944,0.0,0.12534116276605956,0.10728605722872184,0.4897805594788504,0.0,2.0799319413849926e-09,0.22,0.25,0.012226708233356476,0.4994511484738222,0.0002933222770307283,0.0,0.0,2.297357585632543e-14
HMP3_testN_66,0.7276473338451461,0.6725677061610877,0.8203349317642793,0.725433841650215,1.0,0.7073752630220916,0.7925907042017271,0.5120636790478592,1.0,0.9510287639759277,0.63,0.58,0.34334173798561096,0.5000000106752198,0.9964154316445032,1.0,1.0,0.9999999999999105
HMP3_testN_67,0.003146602180545345,0.0723269647182205,0.07623759860120165,0.045949711287677136,0.0,0.08425632773779597,0.03056393231666262,0.47586943103436563,0.4,4.510488906739796e-10,0.32,0.28,0.0007382811163552105,0.49999999495161884,1.255597527140246e-06,1.0,0.0,5.489007023506318e-14
HMP3_testN_68,0.9140988620610867,0.8198088104698329,0.8910512825121393,0.8555830088559824,1.0,0.9242727464328593,0.961537691699278,0.5084867700134355,1.0,0.9999149530622211,0.74,0.67,0.9811422228813171,0.5001754975290784,0.999771808392399,1.0,1.0,0.9998705505494478
HMP3_testN_69,0.5619518846816991,0.5155297870167226,0.3600753664150466,0.5308995358195794,0.0,0.4717536712270923,0.37483423163450397,0.49767482706580324,0.4,0.05932169234963205,0.36,0.49,0.2493964433670044,0.4999952837811771,0.7776213167581569,1.0,0.0,0.12898451711707853
HMP3_testN_70,0.00561272663912202,0.06547703906699477,0.08864409461732416,0.0376608965596335,0.0,0.05139639019292739,0.12147779912190004,0.47261908681741355,0.0,2.0272866295484513e-07,0.26,0.2,0.0015681000659242272,0.4999999950001664,2.3902777400696964e-06,0.0,0.0,3.4647153119756106e-18
HMP3_testN_71,0.005025700144637807,0.039538516645411435,0.061200226182622934,0.017144989926343814,0.0,0.028527605533251576,0.034454199543857464,0.4670528608214723,0.2,7.986875618958432e-16,0.15,0.18,0.0021018332336097956,0.49999999500016656,2.000640834489383e-08,0.0,0.0,1.903390048843447e-37
HMP3_testN_72,0.42210547243951574,0.42297586889851213,0.48273019016900937,0.4995187403464734,0.0,0.29651014218189115,0.26464028657984084,0.507075299527215,0.6,2.4089984781656913e-05,0.4,0.33,0.1002802848815918,0.49999999500016656,0.2954806076622723,0.0,0.0,8.595963679069323e-10
HMP3_testN_73,0.025781339380025695,0.19305247505637602,0.05903391173785114,0.04940206996901489,0.0,0.021791426637248524,0.1302165548135938,0.494174096186816,0.2,1.4745458488177498e-25,0.3,0.37,0.01011891383677721,0.49999463912808784,3.799048732242333e-10,0.0,0.0,7.49938257678345e-57
HMP3_testN_74,0.05967804124076532,0.10200233757113185,0.02617861007938577,0.06679911905787618,0.0,0.022897869406756158,0.005730332025883627,0.49360790602693405,0.2,2.404009122447641e-10,0.28,0.2,0.007299715653061867,0.49999999500016656,2.0555862969638922e-07,0.0,0.0,5.241526555118479e-10
HMP3_testN_75,0.10359359315480102,0.2224868319887258,0.21523203969168342,0.1633310568426348,0.0,0.38469779342722427,0.18662644760215297,0.484507968364079,0.8,0.09088341350552759,0.35,0.4,0.006907504051923752,0.4999999949672214,0.024319682546270472,1.0,0.0,1.8254395903789487e-06
HMP3_testN_76,0.005649736572255667,0.056900031554663326,0.06697272431927016,0.04482781145329103,0.0,0.029946498316862157,0.05945903786142981,0.4784716666789459,0.2,1.004482564767038e-05,0.2,0.19,0.0033652111887931824,0.47574951932700316,6.093704685102674e-07,1.0,0.0,2.079381124812582e-13
HMP3_testN_77,0.2737614248082785,0.30968988429282873,0.6489848073895256,0.34169511041765926,1.0,0.5627009341855723,0.24492823305740638,0.500575140058596,0.4,1.971385253488105e-06,0.52,0.42,0.1116308718919754,0.4999999950001726,0.8595410447238305,1.0,0.0,0.0029258603559824707
HMP3_testN_78,0.16192516833856552,0.15667981220036437,0.1642745189186927,0.22322499389066497,1.0,0.7278457513566096,0.0765562737242234,0.5028609490232419,0.8,1.3030864463924327e-05,0.27,0.3,0.05943099409341812,0.4999566683240692,0.006571017306683601,0.0,0.0,3.3127106760246367e-10
HMP3_testN_79,0.4451095008859016,0.5521222076045849,0.8256270083823328,0.40411182632919324,1.0,0.9341993685499121,0.8169712103674409,0.499126942811967,1.0,1.0,0.71,0.51,0.5870322585105896,0.5000082320849369,0.9980588020756496,1.0,1.0,1.0
HMP3_testN_80,0.13057706777074488,0.37017461029907284,0.18701631865688945,0.2233068017096789,0.0,0.253314190148181,0.10990583536708166,0.5019021191269518,0.2,3.0271031979425096e-09,0.44,0.32,0.21260899305343628,0.5000545540817762,0.2792513698915928,1.0,0.0,2.6216453579097058e-12
HMP3_testN_81,0.0222369907374025,0.09789730496790645,0.09025893864145688,0.07935930143262547,0.0,0.3383222625125038,0.04171057058832773,0.49527615694321375,0.0,1.0723913344699356e-10,0.09,0.11,0.036549512296915054,0.49999996080436476,0.00903128138324546,0.0,0.0,6.992576161824102e-30
HMP3_testN_82,0.4282849023247373,0.28066665715897443,0.1106376614851313,0.2898711093397552,0.0,0.4508032696660199,0.27905412012719777,0.5025046779218223,0.4,5.094370700367834e-05,0.35,0.3,0.24509942531585693,0.49999999500016656,0.00011516682689307773,0.0,0.0,3.6143546765079843e-06
HMP3_testN_83,0.12131630157523857,0.3326819225593527,0.37384277108004244,0.41370976833099876,0.0,0.04412008497103656,0.0824438108851291,0.4877570312959752,0.8,8.470971761339642e-05,0.39,0.34,0.16468465328216553,0.4996689792946821,0.4552861893474504,0.0,0.0,0.001993874287796857
HMP3_testN_84,0.6446065960875976,0.6709160635011293,0.286964015952253,0.9177313220882702,0.0,0.06795981287404027,0.19635352180161367,0.5075810384393349,0.2,6.271781378511097e-31,0.59,0.6,0.7327404618263245,0.49999999500016656,0.5050829501566471,1.0,0.0,1.0347712987929716e-50
HMP3_testN_85,0.004154420283247119,0.02317178149918987,0.023072789542794805,0.031786217238511334,0.0,0.0011083845537066845,0.001031682650428628,0.46916632567339317,0.0,1.2195010221599667e-13,0.13,0.21,0.007681590039283037,0.4999999949851383,1.3582273958472813e-13,1.0,0.0,2.2689293450815348e-29
HMP3_testN_86,0.013718775297455174,0.06883329306659235,0.11002683918325455,0.05189817843566408,0.0,0.09682234152423194,0.04675857594837038,0.4889866451418213,0.0,5.2432955162441065e-24,0.1,0.2,0.0013538108905777335,0.4999999948754959,0.0003875085844151536,0.0,0.0,1.3431083957804528e-55
HMP3_testN_87,0.11935539763339922,0.49078237929036467,0.6066306010930702,0.1686375798982355,1.0,0.6021019286560878,0.8355214061094722,0.5029134905184371,0.6,0.04762163979017486,0.53,0.46,0.10513874888420105,0.5000001483464898,0.1445210033523779,0.0,1.0,0.9710181052238076
HMP3_testN_88,0.01980954685983636,0.22026040179261522,0.18279097934830682,0.10048621217930179,0.0,0.2508687924451258,0.180586674482565,0.4972308959568484,0.2,5.135333677576048e-06,0.36,0.3,0.0043443553149700165,0.4999999106882807,0.0003017645257193737,0.0,0.0,1.678673944839674e-11
HMP3_testN_89,0.013094821987598017,0.09581971648637128,0.03659651417920057,0.05806260440077818,0.0,0.32020695415216477,0.06371368973150252,0.4909639633876156,0.4,1.4895750873771329e-08,0.18,0.19,0.0011481663677841425,0.4999999615466512,2.123192202549894e-06,0.0,0.0,6.040920738861376e-15
HMP3_testN_90,0.5866717733709792,0.3876446428742826,0.46916694122739294,0.6615813767313992,1.0,0.5918085826214896,0.7268311811256372,0.5000214375953322,0.4,0.9999976108001483,0.4,0.5,0.6941139101982117,0.4999925196194056,0.019259950318238146,1.0,1.0,0.9998336979743382
HMP3_testN_91,0.791383213789335,0.5934391202073799,0.3953718028521288,0.5125257843663129,1.0,0.5222786995034713,0.7672522938590043,0.4945688852903005,0.2,0.7072200239655475,0.48,0.35,0.7064003944396973,0.4999999949847441,0.7119046189410565,0.0,1.0,0.009904764980871877
HMP3_testN_92,0.15948362113754833,0.19380881077119783,0.05955653948866528,0.25723838823747763,0.0,0.1915216996650416,0.09239623606127896,0.4997679491459393,0.0,1.1602009091749612e-07,0.41,0.42,0.07058821618556976,0.49999999500016656,0.0002616396443163422,1.0,0.0,2.2254267869891896e-16
HMP3_testN_93,0.5661532657283582,0.5346960333161788,0.8916303300688908,0.3414429867412479,1.0,0.708843201042282,0.6741114011860773,0.49368230961923437,1.0,0.9982134560817982,0.64,0.55,0.6930752396583557,0.4999999950001666,0.8219082729926142,1.0,1.0,0.9999980286675166
HMP3_testN_94,0.02789265230132377,0.2534812693868722,0.2918085278035833,0.13051479386485074,0.0,0.31659546697483587,0.11473755807788674,0.503533353740476,0.8,4.8550451666741633e-05,0.47,0.39,0.11588660627603531,0.49999999500016656,0.969758564166895,0.0,0.0,0.0028414805880484966
HMP3_testN_95,0.0701537330370028,0.07224063679847302,0.03946106405621194,0.06595447826430599,0.0,0.029052958006405644,0.006685415797971782,0.4914735298825232,0.0,7.579765159058778e-18,0.19,0.27,0.0067027960903942585,0.4999999949860548,1.1590803245939268e-06,0.0,0.0,1.964947440763284e-21
HMP3_testN_96,0.894527897831814,0.5763218945657118,0.7299668318956416,0.6694218494373652,0.0,0.2748504650469373,0.2576611081454364,0.49463724878703047,0.4,0.0005642196336201567,0.54,0.54,0.8435408473014832,0.49999999500023806,0.8623443442232062,0.0,0.0,0.001995474492445833
HMP3_testN_97,0.2504610300265028,0.1702947574190524,0.12856177246384673,0.19146228916555053,0.0,0.15596291128834003,0.051038221236975566,0.48847533793973247,0.0,3.0970320591807538e-12,0.21,0.38,0.1426534205675125,0.4999999949990991,0.0022827545447764107,1.0,0.0,9.12992334779699e-18
HMP3_testN_98,0.04611342704273126,0.17177857535424976,0.11184604890333232,0.05889227084068179,0.0,0.19780047774089204,0.445982777551882,0.4917168579413402,0.2,1.3161905562584625e-09,0.17,0.33,0.0916692391037941,0.4985080596644389,0.0007030206449027223,1.0,0.0,3.588289447645221e-27
HMP3_testN_99,0.8995716724268632,0.5125081336215035,0.2936756965116945,0.5474784434360663,0.0,0.3144831780044462,0.4982439461706121,0.5114699132848304,0.8,0.36690363120434355,0.54,0.52,0.7486777901649475,0.49999997868884966,0.03205794096660013,1.0,0.0,0.05376885157596887
HMP3_testN_100,0.8599880050871885,0.7625595511035037,0.8732936018875687,0.6008353435159334,1.0,0.7864345870915925,0.9492977823917587,0.5067695806458777,0.8,0.9775611867811113,0.61,0.51,0.5888330936431885,0.49999999500016656,0.9999996571457795,0.0,1.0,0.9501654322200899
HMP3_testN_101,0.023588766820883657,0.11019215801585812,0.04520950274446184,0.06744777848682107,0.0,0.03597040106909054,0.008638845640339442,0.48886482455836117,0.0,1.2582531892063723e-10,0.22,0.24,0.053083501756191254,0.49999999500016656,0.0002690851034749499,0.0,0.0,1.4538104369751322e-14
HMP3_testN_102,0.6674920121619935,0.5158628943157221,0.23339307478716104,0.35851823313080666,1.0,0.5021495867547189,0.7273251551733984,0.5144461797113786,0.8,0.9860506995381206,0.53,0.57,0.4131556749343872,0.49999999500016656,0.016147695214869893,1.0,1.0,0.10239185246615598
HMP3_testN_103,0.9198110208829343,0.792041581632019,0.8390943697506814,0.8480811409962861,1.0,0.8243688601189944,0.8248045924950184,0.508793405142086,0.8,0.9858033257676936,0.7,0.68,0.9508581757545471,0.5000341308920279,0.9785775760475571,1.0,1.0,0.9999999999996714
HMP3_testN_104,0.24209614543225874,0.29289272922899595,0.11990589647478038,0.2494843004992093,1.0,0.5271988587800661,0.2252692768578612,0.502957528436139,0.0,0.00024894682886051196,0.29,0.33,0.11425117403268814,0.4967698798757878,0.021063955739626928,1.0,0.0,1.520797128699946e-09
HMP3_testN_105,0.9928479917523306,0.9047162004848417,0.9641876572387348,0.9403096161339869,1.0,0.9197604413881989,0.9083446374945061,0.5169074075744088,1.0,0.9998148118456641,0.76,0.73,0.9814245700836182,0.4999999950001676,0.9998023718512182,1.0,1.0,0.9991065642397853
HMP3_testN_106,0.8666046843463119,0.5573267310198996,0.8511969730986934,0.1937913525314244,1.0,0.9734268501888313,0.9182900905866435,0.49676499042478617,0.8,1.0,0.62,0.62,0.5964106321334839,0.5000000779642959,0.9941692763170668,1.0,1.0,1.0
HMP3_testN_107,0.023484136619837035,0.2217456263962908,0.06561608878420247,0.07890535008151976,0.0,0.43958575258901933,0.15101187690308243,0.5027168729943134,0.0,8.637221017696832e-06,0.3,0.23,0.022036831825971603,0.4998998359429999,6.710253655366869e-05,0.0,0.0,2.702328779077387e-10
HMP3_testN_108,0.7559267345164917,0.628780102036483,0.6971373034419226,0.7295568871246902,0.0,0.5604225114935154,0.20971721637040439,0.49959464694947064,0.6,1.4057730821577823e-08,0.6,0.53,0.8020482063293457,0.5000006877586307,0.8837629032521483,1.0,0.0,5.417472506371383e-07
HMP3_testN_109,0.8560876778805152,0.8977572815104654,0.8466837115113369,0.9073514796157207,0.0,0.23900268195408048,0.5546073842711423,0.5171181188160178,0.8,0.7795617963213295,0.63,0.73,0.9823134541511536,0.5000019357008093,0.9910207207486749,0.0,1.0,0.8354415907784644
HMP3_testN_110,0.02348534428703704,0.08543872109164678,0.3065548047642857,0.11471649843077228,0.0,0.15146203235251435,0.043973301058794954,0.48051614556866523,0.8,0.9999999994663256,0.31,0.24,0.006888584233820438,0.49999999500016656,0.12951208515862364,0.0,0.0,1.0
HMP3_testN_111,0.010448418340253472,0.06838937223453755,0.08809973954619961,0.11489585207769157,0.0,0.12660103330089248,0.007349380901403938,0.48433821808796923,0.4,1.2707117231694375e-17,0.15,0.27,0.007147500757128,0.49999019831910035,2.2367943386514864e-07,0.0,0.0,4.1396208050822856e-24
HMP3_testN_112,0.6890014161641026,0.5768324404211589,0.7729648501143224,0.660985527791388,1.0,0.8106921541445785,0.5463308565836662,0.506998425345488,0.8,0.03861623030654144,0.5,0.63,0.25383755564689636,0.4999999950001602,0.677846472393869,1.0,0.0,0.9981636815734456
HMP3_testN_113,0.7995320989161292,0.6806879307228378,0.8919996565538649,0.826624574589955,1.0,0.5010730963107115,0.5663702282281909,0.5058301203363269,0.8,0.6239027256339563,0.65,0.7,0.8809436559677124,0.5007754482856335,0.9620532732587852,0.0,1.0,0.04813595846762568
HMP3_testN_114,0.03776859125495713,0.09278631498949427,0.05582350119568953,0.042827499922332285,1.0,0.5122095445941597,0.6029044719871409,0.4936929116776322,0.0,0.9196101606314626,0.2,0.21,0.007237877696752548,0.49185906980918226,0.0002115235173265298,0.0,1.0,0.017169586989517756
HMP3_testN_115,0.894445710994746,0.8352226349846407,0.8439239611047934,0.8095293196210427,1.0,0.9972784789104342,0.7536988507861495,0.5119609544881748,0.6,1.0,0.67,0.62,0.9499213099479675,0.5000048054228107,0.9998633952637856,1.0,1.0,1.0
HMP3_testN_116,0.1645882531082483,0.3894651205155364,0.1023169759577239,0.5128553344397841,0.0,0.046183291049185754,0.1012794464586936,0.49523065620902407,0.0,2.367913206858765e-06,0.54,0.51,0.2234392911195755,0.4999999950001665,0.00029352359534122636,1.0,0.0,3.630174671526614e-05
HMP3_testN_117,0.07366089070183589,0.14237259477100195,0.21260230080863182,0.15039142338136152,0.0,0.04306767008973207,0.01579068583615198,0.4784250389085492,0.2,0.8114159174417002,0.33,0.34,0.020019473508000374,0.49999999500016656,0.0036406291985691215,0.0,0.0,0.9999775428936805
HMP3_testN_118,0.8399631225386436,0.6298551685832284,0.8671494996333394,0.7314622642515326,1.0,0.9212561077178845,0.942360286305668,0.5014953391686863,1.0,0.9994126213518818,0.58,0.54,0.7929964065551758,0.49999999500016656,0.9996278613389358,1.0,1.0,0.999998812434871
HMP3_testN_119,0.9887164415560674,0.9029905985514354,0.9009621185677528,0.8807347541699517,1.0,0.9752296651980437,0.9695537055059859,0.5192574959884533,1.0,0.999651772211009,0.69,0.67,0.9798020124435425,0.500000083230686,0.9999655858894607,1.0,1.0,0.927050188439221
HMP3_testN_120,0.037595069644604406,0.16801949494174334,0.08399530877530421,0.04098121583564806,0.0,0.04554538092700891,0.0207832918549529,0.4944940498695964,0.0,9.374957985665149e-39,0.22,0.17,0.0061781699769198895,0.4999975440442331,7.234551799704899e-07,0.0,0.0,1.7722966303639284e-67
HMP3_testN_121,0.6770032186393659,0.27109943838955647,0.2082454988249963,0.3508918222316627,0.0,0.32297537935029214,0.15603160055802678,0.4936805116061949,0.4,0.02873435684348529,0.38,0.56,0.24880704283714294,0.49999998610785185,0.0423709950457809,1.0,0.0,0.0020616360725372092
HMP3_testN_122,0.943769252823222,0.9035877773377127,0.9358121433573604,0.938628087903748,1.0,0.9536797099697294,0.9411402191043212,0.5180780987033221,0.8,0.9990590230508138,0.68,0.71,0.9928044676780701,0.49999999500016673,0.9999193403194144,1.0,1.0,0.8627709374215088
HMP3_testN_123,0.1714377363347518,0.4283710873292302,0.5595132647105849,0.6322223250271832,1.0,0.8107232219809027,0.3930945876695842,0.5117833533736349,0.8,0.0004148722519820776,0.37,0.33,0.7975472211837769,0.4999999949995271,0.995200982092942,0.0,0.0,0.36397201493502157
HMP3_testN_124,0.9338443022668325,0.798369578719334,0.6732483159426056,0.8556826966676342,1.0,0.601160380447607,0.7673601182070016,0.5078513942476626,0.6,0.9998243396121362,0.65,0.69,0.8551835417747498,0.4998723801545131,0.9019627399848285,1.0,1.0,0.9999987743560351
HMP3_testN_125,0.5189022140846176,0.401898001500916,0.18243715656942927,0.24225813872802424,0.0,0.4073765209319444,0.532987908670069,0.49956972537955335,0.4,0.9625438334328005,0.53,0.37,0.23760288953781128,0.49872801015960055,0.12288033090561455,0.0,1.0,0.42304490189124
HMP3_testN_126,0.979095406574612,0.8469919937097746,0.7559339871314358,0.9406152914266803,1.0,0.898452108014672,0.8851776852057569,0.5232545403700277,0.4,0.9483280313236847,0.67,0.68,0.9787879586219788,0.5000009491084364,0.9997408695129162,1.0,1.0,0.9697503226801131
HMP3_testN_127,0.9413550022307215,0.7910405064682455,0.5338447269170429,0.8811095680854032,1.0,0.7838928030812639,0.8532219453483991,0.5138913071480388,0.8,0.9835908429415944,0.66,0.8,0.9979458451271057,0.49999999830968983,0.5964258968593276,1.0,1.0,0.7060194856691143
HMP3_testN_128,0.13452465664698254,0.43960574566099747,0.14847276079612542,0.4114368577604815,0.0,0.18681474132197315,0.1798940535377596,0.5142015140817998,0.4,1.0623642002764184e-07,0.39,0.47,0.1733105480670929,0.49995845440215403,4.872323571257473e-06,1.0,0.0,4.077400108709657e-11
HMP3_testN_129,0.015422003748400947,0.08685628903281645,0.057332846029753214,0.023041824860893935,0.0,0.07315472536894299,0.013477416597173966,0.48611099478947856,0.0,8.612094934689546e-11,0.16,0.18,0.003898759838193655,0.49999999500016656,6.377176758958673e-08,0.0,0.0,4.007249443251907e-23
HMP3_testN_130,0.7913163353950154,0.6785514030425616,0.9329954078583631,0.8575279953002637,1.0,0.852486873514898,0.7445327960193863,0.49981900342200875,1.0,0.9908542304738829,0.69,0.67,0.8756512999534607,0.49999999500090914,0.9974916747652356,1.0,1.0,0.9999476881955072
HMP3_testN_131,0.2023842859525573,0.4577113375093728,0.4803125121538789,0.18620290792557745,1.0,0.6093177872845678,0.7501225404558527,0.5119510672274104,0.4,0.9715004632204894,0.41,0.37,0.5469115972518921,0.49999999500016656,0.6668170720069097,1.0,1.0,0.001196510407505237
HMP3_testN_132,0.28624161889537064,0.484312559475287,0.16991477489109968,0.6932865695332243,0.0,0.2397082774329919,0.389982578708346,0.49341127882249863,0.4,3.4256672199529286e-08,0.56,0.51,0.42179200053215027,0.49999999500016634,0.00025936126456865626,1.0,0.0,5.900007285024045e-16
HMP3_testN_133,0.6334910841281257,0.46868187303836834,0.45085497137606384,0.6615448449262472,0.0,0.45308184307185745,0.4730149174358246,0.4919186248781074,0.6,7.236517995652782e-05,0.54,0.48,0.3555181920528412,0.4999999950001664,0.05575380844450651,1.0,1.0,5.248151561251932e-08
HMP3_testN_134,0.98420840483269,0.8830369714907791,0.9734127623263382,0.9619268960124248,1.0,0.9188751234528901,0.8255556718832691,0.5090063001859637,1.0,0.9990703647858311,0.75,0.73,0.9781845211982727,0.5000000300553509,0.9999997668694454,1.0,1.0,0.9999999988669346
HMP3_testN_135,0.42471118401785485,0.5403332236715775,0.5080799498577322,0.6611886903363442,0.0,0.2137860081058596,0.6776550456040912,0.5068670586526144,0.6,0.9304833807937651,0.68,0.75,0.5036369562149048,0.5000002839024699,0.05315036917366511,1.0,1.0,0.21436265436703145
HMP3_testN_136,0.5847761489389977,0.5706993749664895,0.9015518197306007,0.7320431348056563,1.0,0.936943351780908,0.8548244502729888,0.49634138183483284,0.8,0.97526992461844,0.51,0.63,0.6078397631645203,0.5000000032501556,0.9972159597124123,1.0,1.0,0.998485204282227
HMP3_testN_137,0.19639139357228352,0.44511056634059043,0.26469308354607796,0.3280134205020676,1.0,0.8781972200137489,0.4349577661805463,0.5058732086198894,0.8,0.6454975383171014,0.42,0.42,0.20651064813137054,0.4990273241150236,0.1327847910553045,0.0,0.0,0.5174173298786056
HMP3_testN_138,0.45487200569994973,0.41059345103013783,0.634600339372087,0.48815213187227535,0.0,0.2972697737131935,0.36347851408762893,0.4966676401186269,0.6,0.28022159538767916,0.39,0.42,0.31255340576171875,0.49999999500016684,0.999664019211442,1.0,0.0,0.6304705639792173
HMP3_testN_139,0.33157912207978124,0.5876044710602043,0.8807312797370009,0.8235580561057627,1.0,0.7958570751956083,0.852021481361894,0.5070596189732974,0.8,0.9604189175167802,0.38,0.57,0.45732179284095764,0.49761917110113263,0.05735419175889163,1.0,1.0,0.9972638257156791
HMP3_testN_140,0.4287167070119787,0.4161754895700779,0.20007516827932373,0.4299043245989398,0.0,0.11623496746458084,0.24688540948597004,0.5078973457090137,0.4,3.0159169808298685e-18,0.47,0.66,0.2200634926557541,0.49999999500016656,0.1802954195370459,0.0,0.0,1.3194130568459718e-30
HMP3_testN_141,0.9828030323659728,0.9154685863787617,0.9298214037286857,0.9695720724216461,1.0,0.9265156291880023,0.9428886138243695,0.5274022934486877,0.8,0.9958492429973416,0.73,0.87,0.9975985884666443,0.4999999956071851,0.9999593636141405,1.0,1.0,0.9889927545274757
HMP3_testN_142,0.02387114604005621,0.10204755489420084,0.0712723348636976,0.09859940131105452,0.0,0.272601259246757,0.43984168548855346,0.48335334715586475,0.2,1.2326275153919474e-06,0.17,0.25,0.0390043742954731,0.49946148341731034,2.4993222577766272e-05,1.0,0.0,1.959560182395128e-13
HMP3_testN_143,0.7372514730984076,0.6430240305474367,0.8206022757948651,0.7137071272873827,1.0,0.9700028362922811,0.9597551424506455,0.5178778843709435,0.6,0.6911185348173159,0.55,0.5,0.7045191526412964,0.49999999500016673,0.9927065563665514,0.0,1.0,0.9199996531299048
HMP3_testN_144,0.9416993223058758,0.6811265210997081,0.6658441677534497,0.8346984723323203,1.0,0.8748659255525999,0.8737583558361454,0.5243532008902897,1.0,1.0,0.49,0.61,0.9156995415687561,0.49999999500016656,0.744567388209025,0.0,1.0,1.0
HMP3_testN_145,0.4509633714761423,0.6368743860798136,0.8438437093478849,0.8006519207273862,1.0,0.9824150906371488,0.9863408578036938,0.5054917964955321,0.4,0.9977161979428448,0.65,0.58,0.7606498003005981,0.4999999954802054,0.9954341845234472,0.0,1.0,0.9962579539556613
HMP3_testN_146,0.37263042083042736,0.29354332931387733,0.2615015382517749,0.3608467035423867,0.0,0.29043216583706305,0.21012165445754477,0.49730669070251693,0.2,3.7789927510348764e-06,0.42,0.45,0.0727606788277626,0.49999999496430686,0.0018116869974330436,0.0,0.0,5.273836666347603e-08
HMP3_testN_147,0.02395219129483092,0.17815790663162873,0.09877858719621503,0.08439103131047916,1.0,0.39426955022260024,0.6582955046304014,0.496121614561624,0.8,0.5585203971827013,0.37,0.3,0.01669626124203205,0.49999681536711166,0.010007399273589335,0.0,1.0,0.003742966504121551
HMP3_testN_148,0.059233171684045224,0.2890322252911206,0.26404745550731945,0.21440186140832065,1.0,0.45991694099522645,0.9548599573344175,0.49706852162200404,0.6,0.5819213540670357,0.19,0.28,0.02159738540649414,0.4866379934674434,0.0009764666093151844,0.0,1.0,0.04679795890823158
HMP3_testP_1,0.4275240506151051,0.3643158044878177,0.4846802810942236,0.5245756828470867,0.0,0.05018258854433937,0.25947361893236165,0.47118388366138997,0.8,6.773271395163352e-09,0.44,0.44,0.4168661832809448,0.49999999500016656,0.9992370369369188,0.0,0.0,5.210957585659079e-07
HMP3_testP_2,0.9865161573579257,0.7609520896578581,0.81097766281083,0.7975566366717998,1.0,0.6314086382145468,0.8469543359252003,0.5000826485786932,1.0,0.3671808063932561,0.61,0.56,0.9913598895072937,0.49999999500016695,0.9991130341401717,1.0,1.0,0.9999979952296328
HMP3_testP_3,0.002876755865350265,0.032275382648552654,0.09137134862673792,0.02347685912233509,0.0,0.10870460782584138,0.01089968481845617,0.471632605843966,0.0,2.67032627849026e-16,0.12,0.04,0.003063048468902707,0.4999999942245257,6.309324241056105e-05,0.0,0.0,2.5080219028310273e-28
HMP3_testP_4,0.6575359383973615,0.39227874410558966,0.22774202176255934,0.09671805678137138,0.0,0.20480410227698162,0.16833922025786696,0.49804111710226967,0.4,0.03559879099865305,0.44,0.34,0.06253807991743088,0.49999999500016656,0.7053004688966885,0.0,0.0,3.252196485976109e-05
HMP3_testP_5,0.9086533304291465,0.8448930660723813,0.8837497729512884,0.9277483086802378,1.0,0.9847919302614297,0.9791396872458727,0.5095914269805911,0.6,0.9998860100260234,0.53,0.58,0.844329833984375,0.49999999500016656,0.9629091196428274,1.0,1.0,0.9999967222662529
HMP3_testP_6,0.9276417161194833,0.8428910726333491,0.9328344087166204,0.8426629306235048,1.0,0.9667525079001602,0.965821055609536,0.5085234617920563,1.0,0.9989906322603824,0.59,0.56,0.9637079238891602,0.49999999500016656,0.9999724117279839,1.0,1.0,0.9999999880442817
HMP3_testP_7,0.8604437749097483,0.6870211716206829,0.6775401575030366,0.8605615336724808,0.0,0.22974452777227802,0.37822502788026935,0.49825539337650665,0.6,0.0006375945326922386,0.58,0.59,0.9381093978881836,0.4999999950003021,0.9181604244544564,1.0,0.0,0.11551897015963683
HMP3_testP_8,0.7561042490702256,0.7652379561046476,0.7482634755750704,0.6099953530398613,1.0,0.8422332362605611,0.9535916570684835,0.5027193891753915,0.8,0.9999993019072114,0.53,0.57,0.6571263074874878,0.49999992174240315,0.8429784180158608,0.0,1.0,0.9999999970763023
HMP3_testP_9,0.9489600066331276,0.879193782692748,0.9361729880576939,0.8661846012137913,1.0,0.8612720375251065,0.9443262952948467,0.5035777536698001,0.8,0.9999994251624233,0.64,0.61,0.9664208292961121,0.5000061362792365,0.9996860628050968,0.0,1.0,0.9999999998202853
HMP3_testP_10,0.8227603645495131,0.7689467729558704,0.7166083368481551,0.8249939058049426,1.0,0.7715799155370557,0.9741626523418077,0.49439022989251247,0.6,0.9962638671912056,0.57,0.64,0.7806779742240906,0.49999999500050746,0.9944493578542458,0.0,1.0,0.058032525321595585
HMP3_testP_11,0.976647999225046,0.8321568300017981,0.7030141146842342,0.9020411489629326,1.0,0.9927924063487328,0.9935635739880575,0.5022232559861405,1.0,1.0,0.78,0.61,0.8500787019729614,0.49999999500016656,0.9994125857690906,1.0,1.0,1.0
HMP3_testP_12,0.1362676752347533,0.3529532353606602,0.2749162998111986,0.2253200255667363,0.0,0.12005906082599932,0.08381968243716145,0.4859066634896794,1.0,3.5562236829807594e-07,0.39,0.35,0.36166903376579285,0.49999999500016656,0.00010487057407847587,1.0,0.0,1.6830629370181663e-06
HMP3_testP_13,0.9865964386941352,0.8564701439101864,0.8936071621662293,0.9751335628753921,1.0,0.8886021657142372,0.961072582870751,0.5153643361430383,1.0,0.9999769778116949,0.72,0.64,0.9852390289306641,0.5000043503458625,0.9955018419196512,1.0,1.0,0.9999999999999998
HMP3_testP_14,0.45909044940691884,0.339735677576567,0.4346071768080777,0.4945396392399077,0.0,0.48577645918784274,0.11499028255209516,0.4965210273409674,0.2,1.5273582617254486e-09,0.52,0.46,0.5410625338554382,0.49999999500016656,0.9675584438362349,1.0,0.0,9.819501307602631e-09
HMP3_testP_15,0.3612244949813602,0.556275369482097,0.5700428306632174,0.7193456222707645,0.0,0.19028625771349275,0.4176480279979926,0.4844035341230496,0.8,0.5024636162400887,0.53,0.49,0.19816744327545166,0.49999999500016656,0.31391291499013285,1.0,0.0,0.99999998458087
HMP3_testP_16,0.733450542903604,0.7629404803679958,0.8872986877956703,0.8771486041565798,1.0,0.886453034437822,0.9350456985745588,0.5200002552264055,0.8,0.9997775397568515,0.55,0.55,0.9331942200660706,0.49999999500016656,0.9999994962838735,0.0,1.0,0.041639226404887424
HMP3_testP_17,0.9885799460962539,0.9033672693681841,0.8882418225504399,0.952369815595422,1.0,0.9997960168578708,0.9932861838276726,0.5092992963414184,0.8,1.0,0.75,0.77,0.9478151798248291,0.5003688931769683,0.999926682385843,1.0,1.0,1.0
HMP3_testP_18,0.8406517801428588,0.7262157783381639,0.45616837802302335,0.7830403863372735,0.0,0.17424737421734846,0.6265363372353937,0.4907293864668496,0.8,0.9931152927891967,0.5,0.61,0.8831458687782288,0.4999999434168262,0.030097835384990123,1.0,1.0,0.13007646707825582
HMP3_testP_19,0.6362074169167553,0.7491773267188128,0.8888848939501103,0.8516969666299538,1.0,0.8972450274955649,0.9669884663030617,0.5158828372484711,1.0,0.999999702471415,0.64,0.65,0.8052746653556824,0.49999999500016656,0.9997598951296355,1.0,1.0,0.9999977755646646
HMP3_testP_20,0.9911263942882842,0.9466230597349886,0.8935020370636915,0.9610470046945674,1.0,0.6204097278650273,0.8322307520273755,0.5026580214204255,1.0,0.9398541745213196,0.9,0.88,0.9952898025512695,0.5134568721924921,0.9989214603352696,0.0,1.0,1.0
HMP3_testP_21,0.2171342706675633,0.34517849498721626,0.2554838852448417,0.34422227599023575,0.0,0.19788475357807228,0.6354534063558873,0.4944031893162859,0.6,0.20458157845688396,0.46,0.44,0.7911255955696106,0.49999999500016656,0.18414628984915787,0.0,0.0,0.9874946121581132
HMP3_testP_22,0.7361581884985009,0.5632701404555757,0.7421270624660203,0.7316902171221542,1.0,0.5444552526465042,0.7233282191096062,0.5027009881297261,0.6,0.00710814051983479,0.63,0.6,0.7358907461166382,0.4999999949885865,0.9048914542767237,0.0,1.0,0.037835227762743874
HMP3_testP_23,0.9820560830117118,0.8521176436083768,0.966350250919727,0.9212565846389366,1.0,0.8682464263634794,0.9005256398655174,0.5137755032355176,0.8,0.9404346907052469,0.74,0.72,0.9381257891654968,0.5000000257299141,0.9998453536848853,1.0,1.0,0.9999999281448494
HMP3_testP_24,0.9738319802266207,0.8560047761229288,0.7651317142872184,0.9001313704346263,0.0,0.29046428406489866,0.6483958295313847,0.5231796869669484,0.6,0.9999669783124007,0.69,0.78,0.9299293160438538,0.5000018041662687,0.9755161004445779,1.0,1.0,0.9999999814487323
HMP3_testP_25,0.8553110144397996,0.797989025248918,0.7326643480948856,0.7348127340099371,1.0,0.9707527506047503,0.8455562615754402,0.5140973380645315,1.0,0.9998541149317445,0.59,0.64,0.8297759294509888,0.49999999500016656,0.9995894314946678,1.0,1.0,1.0
HMP3_testP_26,0.8833304717803871,0.8107224716730131,0.8880743917091314,0.8873552314870833,1.0,0.9520951335680692,0.9591185652244698,0.5183888622339275,0.8,0.9003340622106719,0.57,0.74,0.8850584626197815,0.49999999831839276,0.997168103490969,1.0,1.0,0.9999999999991702
HMP3_testP_27,0.07573719602708598,0.18894523900461563,0.11081489701438983,0.08761341905227946,0.0,0.11721822152300274,0.6239887880712869,0.49667826996787556,0.2,0.009763303460834651,0.34,0.39,0.017186138778924942,0.4999999949991781,5.526684401561743e-05,0.0,1.0,3.025508963345612e-08
HMP3_testP_28,0.8059002429979842,0.6297392953850597,0.7417915779779639,0.8386540786988986,0.0,0.2802472236505059,0.7576783460407082,0.5074540026948453,1.0,0.014790365785582685,0.54,0.52,0.9017469882965088,0.49999999500016656,0.795184727487888,1.0,1.0,0.9950455634952375
HMP3_testP_29,0.5800588535081571,0.5581981482329215,0.5848449592415228,0.8021795017408545,1.0,0.7440679753442639,0.8328538083060937,0.5031597938582753,0.4,0.9999458058819403,0.57,0.47,0.4952690601348877,0.4999999948752059,0.2671124224256734,0.0,1.0,0.9931502391494941
HMP3_testP_30,0.6394320332044992,0.6474172750718752,0.5616180538655953,0.6038806154259906,0.0,0.173458089436496,0.37290554007789417,0.4957638722485865,0.8,0.8925805553644481,0.66,0.73,0.7820900082588196,0.4999999952372942,0.8371330240016057,1.0,0.0,0.00469744763207211
HMP3_testP_31,0.8805208156035746,0.7860430588251296,0.7442727386488678,0.9561011151862356,1.0,0.5491958319485084,0.5897124091643047,0.5089895188341871,0.8,0.05792207462476051,0.61,0.68,0.9766789078712463,0.5000107668362956,0.9970441772492535,1.0,0.0,0.9986813218802616
HMP3_testP_32,0.14306481964220952,0.32906887335090723,0.3644671683225513,0.18726583927887192,0.0,0.2857575880519037,0.26405143127683683,0.5022117990385728,0.6,0.0015007615419070691,0.33,0.44,0.11743862181901932,0.4999993638962523,0.010595518874028225,0.0,0.0,0.04564461303941627
HMP3_testP_33,0.5868036329543093,0.5800722633736891,0.6672723849988786,0.35930513079885196,1.0,0.8497962882842945,0.8420606900472548,0.5091572316204098,0.6,0.6774499885040404,0.44,0.51,0.44921016693115234,0.4999999950066609,0.03450713117064422,0.0,1.0,0.8042175948366882
HMP3_testP_34,0.47833761231376154,0.5730343990038389,0.7412557590686074,0.4455584958062271,1.0,0.537305993234375,0.5963953809322038,0.5089061401951424,0.8,0.000627352309586474,0.48,0.61,0.34293657541275024,0.500001657477175,0.9940440772799155,0.0,0.0,0.9872309129698597
HMP3_testP_35,0.4269944686525236,0.3627535217179222,0.1703293306096985,0.43632310701617105,0.0,0.11563709981418879,0.4393780728029836,0.4910412743761862,0.2,6.506814204488594e-05,0.39,0.38,0.15414465963840485,0.4999997151194279,0.3966485512501001,0.0,0.0,9.82958753022622e-10
HMP3_testP_36,0.9983069572805624,0.96539670842636,0.9451206725558761,0.9654657778300121,1.0,0.9197619630034127,0.9724909369625098,0.5111414731392002,1.0,0.9990080815974434,0.86,0.88,0.9967297315597534,0.5037271192718809,0.9999992568510125,1.0,1.0,0.9999999999943721
HMP3_testP_37,0.9931907643560579,0.931230092694529,0.9017746383996668,0.9604146197277215,1.0,0.7998215665679802,0.8651459214055879,0.5100760648426798,0.8,0.9100823854260928,0.7,0.83,0.9878009557723999,0.49999999500111714,0.999927581937602,1.0,1.0,0.9999993311032649
HMP3_testP_38,0.25756592011668833,0.2504515306482496,0.2738801972680598,0.21684951587164017,0.0,0.09596537046313411,0.04096927445003524,0.48736276687891766,1.0,2.32706159946637e-05,0.49,0.26,0.03689511865377426,0.49999999500016756,0.003798609686169463,0.0,0.0,0.0026746739288115275
HMP3_testP_39,0.40139096012070896,0.5078750073272643,0.9082116875175326,0.502647071506758,1.0,0.9736480388596928,0.842242357230284,0.49766812849548464,0.8,0.9290464988898166,0.65,0.45,0.43932095170021057,0.49999999501379805,0.9974701657752372,1.0,1.0,0.9999924297018273
HMP3_testP_40,0.9973364890462036,0.943091350577305,0.9126115062028662,0.9541620091469092,1.0,0.9999997182941461,0.9973559140926225,0.5058905739420706,1.0,1.0,0.93,0.81,0.9861674904823303,0.5000093540127988,0.9999999879477722,1.0,1.0,1.0
HMP3_testP_41,0.997790634970487,0.9492088592718344,0.9846897698418161,0.9744075091683563,1.0,0.97512223272388,0.9865048279854336,0.5178765593374266,1.0,0.9999743000394297,0.73,0.85,0.999546468257904,0.5000041281816968,0.9999990149958428,1.0,1.0,0.9993811546531473
HMP3_testP_42,0.9992087946080876,0.9644279774419605,0.8633781411457164,0.9567060675445985,1.0,0.9999996932387043,0.9934975087777465,0.5282895719512195,1.0,1.0,0.84,0.85,0.9989796280860901,0.500000049263279,0.9999999999970599,0.0,1.0,1.0
HMP3_testP_43,0.996300041106354,0.9451554370268026,0.850542919988728,0.9686168266506725,1.0,0.9999997741655812,0.9930328158932215,0.5143049347426759,1.0,1.0,0.77,0.78,0.9980313181877136,0.5000032149834588,0.9999999999316991,1.0,1.0,1.0
HMP3_testP_44,0.918631313737949,0.766773665097481,0.6756150321919043,0.8829304420318925,1.0,0.5687024898378132,0.8198937862691378,0.5104927005218165,0.8,0.5699692719607777,0.63,0.76,0.7266133427619934,0.4999999949586142,0.9991813566712585,1.0,1.0,0.9990929598467287
HMP3_testP_45,0.9846762340339137,0.8925356023180555,0.9128179066588223,0.9739136511669239,1.0,0.8239107166401962,0.8090847166759191,0.5120636790478592,1.0,0.9647289249309904,0.83,0.89,0.9799648523330688,0.5342801205877095,0.9999597230556503,1.0,1.0,0.9999999999999996
HMP3_testP_46,0.9855495757171385,0.8640746407554357,0.8517274335471282,0.8324970506371513,1.0,0.9829092350945804,0.9974604804704768,0.5185690165504894,0.4,0.9999999968241298,0.57,0.65,0.9897789359092712,0.4999999950001669,0.9993652169761612,0.0,1.0,0.9999989139378713
HMP3_testP_47,0.40699912296709134,0.3730815849826474,0.5530632360813956,0.30243402990707735,1.0,0.9022222304760255,0.8389524478566274,0.4996880489195598,0.4,0.9993057297907675,0.4,0.63,0.5888218283653259,0.4999999965260074,0.7901847315282999,0.0,1.0,0.05410667307374684
HMP3_testP_48,0.567626381532069,0.5505849145489565,0.328094715604816,0.24012628632670618,1.0,0.8451015255451179,0.5270284011785921,0.512698694817644,0.8,0.00024949756969781106,0.42,0.43,0.8464351892471313,0.49999727500353824,0.43015443806213827,0.0,0.0,0.9929179793688891
HMP3_testP_49,0.5698413071218791,0.49518262865927815,0.7923791525060052,0.6242075307651208,1.0,0.7472678821851284,0.4982217903301873,0.5007678440475934,0.8,1.0,0.56,0.43,0.7917931079864502,0.49999999500081166,0.999997889179014,1.0,0.0,1.0
HMP3_testP_50,0.8895966108165877,0.8627216467533148,0.7609979858431034,0.7983571213583424,0.0,0.38771057932900843,0.7843760189614918,0.5162224213445887,0.8,0.029590005305996165,0.52,0.71,0.9603779911994934,0.49999940672997295,0.3635359634661036,1.0,1.0,0.00010906120207224864
HMP3_testP_51,0.9911954807588005,0.9401442350741201,0.9851878984442655,0.9562354510708561,1.0,0.912636702821901,0.9759255900491064,0.5107391755764319,1.0,0.9999987631374812,0.87,0.87,0.991438627243042,0.4999999985575776,0.9999997896890793,1.0,1.0,0.9999999808695218
HMP3_testP_52,0.16727972745025527,0.11981822585883685,0.04962713768581705,0.19691072288010575,0.0,0.10375866170489921,0.048891864198021995,0.49199860055438943,0.6,3.795714958326071e-06,0.42,0.26,0.0496048778295517,0.49999999500016656,7.147545886782559e-05,1.0,0.0,1.4403653483429528e-05
HMP3_testP_53,0.9747898543879373,0.9218503008669571,0.9537475279706822,0.9698464728784384,1.0,0.9271771591607411,0.9660353009598617,0.5114356905730512,1.0,0.9998249182109579,0.84,0.82,0.9161285758018494,0.49999999500018616,0.9997281497517078,1.0,1.0,0.99999999324018
HMP3_testP_54,0.9622254813205399,0.8762036455889244,0.5300377037122286,0.9284589221521925,1.0,0.7874512497654357,0.8343148386439981,0.5141300147860702,0.2,0.9605672101885206,0.77,0.82,0.9706187844276428,0.5047975653714545,0.972100132567098,0.0,1.0,0.4810631756907557
HMP3_testP_55,0.9267273226329977,0.8098119839854034,0.8783647230192541,0.9442544043144837,1.0,0.9423217372550606,0.946449691229202,0.5179542901908245,0.8,0.998749465577597,0.67,0.68,0.9796642065048218,0.49999999500016656,0.9977262930091466,1.0,1.0,0.971709374573104
HMP3_testP_56,0.88652127283871,0.7660616719778319,0.7044688265223422,0.7345745420462506,0.0,0.33042275424760764,0.5881751081180412,0.5097850413349522,0.8,0.008045113361740004,0.63,0.68,0.8843486905097961,0.49999999500016656,0.9939118496848741,1.0,0.0,0.44433722134568987
HMP3_testP_57,0.3862564132619285,0.5973021042099893,0.7095510529380051,0.5886255303677512,0.0,0.22047808149740486,0.46919614984418523,0.4965441637791637,0.6,0.09074132922574606,0.65,0.46,0.5048986673355103,0.5133731416965652,0.8564401220899278,1.0,0.0,0.007470109586969674
HMP3_testP_58,0.02681976089838635,0.23224188477694158,0.20538837155482773,0.1072095060071741,0.0,0.16883781055631,0.17860315382215822,0.5005821774342801,0.2,0.019027875213103056,0.41,0.29,0.047077640891075134,0.4999995503465225,0.023080702950642,1.0,0.0,5.135678024627503e-08
HMP3_testP_59,0.582395946222856,0.6497736561849311,0.6372792046783773,0.6382615321530857,1.0,0.9657387113641971,0.9344665723299894,0.515386632471662,0.6,0.9999941253834984,0.53,0.52,0.7875602841377258,0.4999999950001654,0.9582318053446405,0.0,1.0,0.978794561814223
HMP3_testP_60,0.9016391997972641,0.7962213089920084,0.8811656444786928,0.8952110707009014,1.0,0.8023524427613611,0.9598791621290732,0.5089715892854965,1.0,0.9999999577298704,0.68,0.77,0.8724323511123657,0.5000000495508471,0.9999623117159532,1.0,1.0,0.9999999949810823
HMP3_testP_61,0.8258367846673571,0.7839797918828056,0.7428329045520798,0.7958542745870285,1.0,0.5385427625559372,0.3112550315597595,0.5070693127779625,1.0,0.0015443010810878882,0.77,0.65,0.9326056838035583,0.5002325174362152,0.9926230691819253,1.0,0.0,0.8125774896348598
HMP3_testP_62,0.9930258420008063,0.9303834224253934,0.9598149791378502,0.9626537357803008,1.0,0.8602342638733707,0.948097929191399,0.5303254243662735,0.8,0.13186433187292604,0.72,0.88,0.9751786589622498,0.4999999950126636,0.999976754716791,1.0,1.0,0.9856379792561636
HMP3_testP_63,0.8401495260982279,0.6724934974304585,0.7455474595685702,0.8729699176549689,0.0,0.4845978113354029,0.6483487072209775,0.49965369895931866,0.6,0.96939239724051,0.66,0.64,0.9315946102142334,0.49999999500016656,0.999109077362145,1.0,1.0,0.044063107371521165
HMP3_testP_64,0.9548968247365154,0.6985383642873512,0.771666125610127,0.9129930519359993,0.0,0.18532441332599867,0.581634066406628,0.491079104055315,0.8,0.9846336616217661,0.76,0.66,0.9360305070877075,0.5004672506803556,0.9249301897256885,1.0,1.0,0.9999240362480419
HMP3_testP_65,0.9924214477138464,0.9268546687657692,0.8619912978606258,0.9619159923218197,1.0,0.4549847471963655,0.9303410386249313,0.5051148396682829,1.0,0.9985761693388763,0.8,0.81,0.9808810949325562,0.5000004064818065,0.9880961580191899,0.0,1.0,0.9999759140378667
HMP3_testP_66,0.9879307389515734,0.922412093970697,0.9554459936335565,0.9554138615547005,1.0,0.9370486697838274,0.9690596761275223,0.5182698729837774,1.0,0.9999428098568949,0.83,0.85,0.9785868525505066,0.49999999500574716,0.999988528404834,1.0,1.0,0.999999278660081
HMP3_testP_67,0.9868378253453761,0.9244789725576077,0.9697710837170332,0.967299237653098,1.0,0.7035636725969817,0.9390503747545506,0.5106168011697559,1.0,0.9998983571006504,0.79,0.76,0.9875541925430298,0.4999999950596761,0.9999905850228112,1.0,1.0,0.9999991371098221
HMP3_testP_68,0.3288573812485137,0.21531513849201112,0.36260023951136144,0.26235691155818364,0.0,0.1995807532606306,0.11012900180294533,0.4945839392124742,0.4,4.687491952458442e-10,0.38,0.37,0.13450020551681519,0.49999999500016656,0.18328099786980906,0.0,0.0,2.1049988596603552e-10
HMP3_testP_69,0.9747562633855724,0.8855524107155358,0.9239995312157813,0.944389941231206,1.0,0.8383754377944771,0.9865032776828724,0.4989898267018655,1.0,0.999968120167686,0.77,0.81,0.9623160362243652,0.500000416968435,0.9999782364226966,1.0,1.0,0.9996232625387527
HMP3_testP_70,0.9683416609991802,0.9276704160768346,0.908889059810054,0.7838604247219391,1.0,0.9387742242174847,0.9746587277688474,0.5274127231068529,1.0,0.9991555812284293,0.81,0.72,0.9900140762329102,0.5001767510868511,0.9999860117186948,1.0,1.0,0.9999999999947651
HMP3_testP_71,0.9906533124720939,0.9128102241918984,0.9413686550075269,0.9691961569397058,1.0,0.857893740315945,0.8956815560731878,0.5134852892186,0.8,0.9996033077540317,0.8,0.84,0.9739704728126526,0.5000147705036171,0.9999743289740989,1.0,1.0,0.999883887751055
HMP3_testP_72,0.9957042799613762,0.9384116932975199,0.899970619430256,0.9711000557338383,1.0,0.8431104711711876,0.937186435192226,0.5141390067000605,0.8,0.9999657001498953,0.86,0.86,0.998197615146637,0.5735697457582205,0.9993214150444132,0.0,1.0,0.9999940434607358
HMP3_testP_73,0.8384506846218828,0.7122847988954505,0.74003765728389,0.7852437681898989,1.0,0.6017116376562623,0.8294113860236012,0.49644002831733114,0.8,0.9998969566729665,0.71,0.78,0.5968778133392334,0.5000014354972364,0.9637619190197544,1.0,1.0,0.999986593290144
HMP3_testP_74,0.48275049794564423,0.40942532931679065,0.48936843886198295,0.5483922639791943,0.0,0.038601979917179605,0.020927848172836157,0.49374326136363605,0.2,2.0056773809030364e-14,0.43,0.47,0.4955853223800659,0.5000002739813947,0.27730955562270077,0.0,0.0,1.46926110755173e-13
HMP3_testP_75,0.8463105593746969,0.7746540059527013,0.6756277348956377,0.7002180121035296,1.0,0.6957088032213821,0.6592316374739965,0.5066254547088954,1.0,0.8414372643940176,0.56,0.5,0.9829802513122559,0.4999999950543111,0.9998866771435285,0.0,1.0,0.999999999944259
HMP3_testP_76,0.9901082898350277,0.9377227260794172,0.9670527175815341,0.9329687765748634,1.0,0.982383732089545,0.986048741110637,0.526985347051762,1.0,0.9999925117297287,0.79,0.82,0.9945363998413086,0.49999999500016684,0.9999566550994209,1.0,1.0,0.999618026130379
HMP3_testP_77,0.9714995333794391,0.8533442129033,0.9214392714668133,0.9219069948233687,1.0,0.8893724729023484,0.8807065969333842,0.508793405142086,0.8,0.9919349265206658,0.71,0.67,0.9742245078086853,0.501773405598573,0.9982598345778483,1.0,1.0,0.9999999999999238
HMP3_testP_78,0.9922572540900072,0.8442720344559665,0.9291436055087544,0.9232678550151487,1.0,0.923107080863989,0.8932461539905586,0.508793405142086,0.6,0.9920732479776032,0.82,0.7,0.9874353408813477,0.5005278953622015,0.9950146864876515,1.0,1.0,0.9999999999998057
HMP3_testP_79,0.9742102708337054,0.8211487745015046,0.9213946759482735,0.8516266925445147,1.0,0.9410394278511317,0.8678201376682967,0.508793405142086,0.8,0.9754954485493094,0.72,0.68,0.9504945874214172,0.5000565086890445,0.997788150448075,1.0,1.0,0.9999999999998621
HMP3_testP_80,0.7827988021268228,0.6208572638408673,0.8342369438911236,0.6572957779262791,1.0,0.6867728652732903,0.5079445367787448,0.5028637242798297,1.0,0.5162116362278157,0.67,0.6,0.7909533977508545,0.5000001414203759,0.9999769451734968,1.0,0.0,0.9999999999908276
HMP3_testP_81,0.9486466675616004,0.7912981028494833,0.8575585806626218,0.570918458042573,1.0,0.860258411484735,0.9118518401647385,0.5085705046319109,0.8,1.0,0.46,0.71,0.9632649421691895,0.49500120915503665,0.5624503707700388,1.0,1.0,1.0
HMP3_testP_82,0.9964515242424552,0.9542321144936389,0.9356395729461695,0.9803255542664305,1.0,0.924901689703228,0.9493856170118435,0.52413958161519,0.8,1.0,0.77,0.79,0.9980039000511169,0.5195026996030236,0.9981485706815565,1.0,1.0,1.0
HMP3_testP_83,0.9717986934308044,0.9080580157031455,0.8805745129901028,0.879905484120015,1.0,0.96123000019272,0.962584297372325,0.5119727230539562,1.0,1.0,0.79,0.74,0.9508946537971497,0.5000004841042245,0.9998561130063013,1.0,1.0,1.0
HMP3_testP_84,0.9794787011675294,0.7794490598707877,0.8459300958066759,0.9058906886480238,1.0,0.5510529369827367,0.819233538552322,0.5021078610450375,0.6,0.9233485477947758,0.66,0.47,0.9700949788093567,0.49999999500016684,0.9967589341087003,1.0,1.0,0.2888405134728656
HMP3_testP_85,0.09982418212388937,0.27857851046347587,0.04376108148918682,0.15187972285201096,0.0,0.0022983796740061527,0.045030257974505015,0.49280810226451754,0.2,5.903359807527689e-12,0.38,0.51,0.2965649962425232,0.49999999500016656,1.4534554433707465e-05,1.0,0.0,3.247588671418223e-23
HMP3_testP_86,0.9928791051721519,0.9565455082619287,0.9396361704510278,0.9740465735842544,1.0,0.9783499807663765,0.992619186352437,0.527558289668125,1.0,1.0,0.82,0.81,0.9959483742713928,0.5000000404181046,0.9999996913962796,1.0,1.0,1.0
HMP3_testP_87,0.9006759341218079,0.8544966339674595,0.9764280216471706,0.8206792483414297,1.0,0.8782065061881097,0.9164107358214325,0.5129283232238779,0.8,0.9998563107606794,0.73,0.78,0.9436550140380859,0.4999999950001658,0.9999691160568536,1.0,1.0,0.9904522959937562
HMP3_testP_88,0.552708001003771,0.6389609676975292,0.8427009076911909,0.8104958413039359,1.0,0.4659731242076383,0.4489468334171929,0.5043317605497766,0.8,0.03983632360353694,0.54,0.72,0.38985729217529297,0.4999999950041409,0.638508186290526,1.0,0.0,0.9888169248458386
HMP3_testP_89,0.7227483253653998,0.5607257910109039,0.5347657977990463,0.4680064254469836,0.0,0.30806088997326087,0.5069320412589952,0.5010749787999043,1.0,0.4526929575248581,0.56,0.53,0.7953487038612366,0.4999999950001667,0.06614340210608097,1.0,0.0,0.0008077159742227337
HMP3_testP_90,0.5451846416726195,0.573605590469932,0.5499424558399661,0.7615969765286094,0.0,0.44057510972668734,0.4284185617993074,0.48907326229802733,0.6,5.028944657279037e-07,0.58,0.59,0.43571823835372925,0.4999999325821061,0.1960868964689132,1.0,0.0,2.418670200976547e-08
HMP3_testP_91,0.9800617841989592,0.863192621567726,0.889251781767685,0.8937175350638474,1.0,0.8715420616065849,0.8756588881632261,0.5022419369618388,1.0,0.9999992507415776,0.83,0.85,0.9938648343086243,0.5136776038608026,0.9999998618823358,1.0,1.0,1.0
HMP3_testP_92,0.9238799251116084,0.8228488781946222,0.8191790079567424,0.7433365839080056,1.0,0.9484867177015082,0.9592177273494139,0.5098239397022188,1.0,1.0,0.67,0.61,0.9827446341514587,0.4999999986871274,0.9999865234279031,1.0,1.0,1.0
HMP3_testP_93,0.9949767470118699,0.9710909729456398,0.9530635104097339,0.9884357010253373,1.0,0.9474730526244584,0.9855165416655176,0.5222087761393482,1.0,0.9999240601333915,0.78,0.92,0.9929831027984619,0.5000001239645748,0.9994010619101776,1.0,1.0,0.9999752439606873
HMP3_testP_94,0.9963891674214316,0.9753432123840685,0.9947639127650305,0.9675016968642375,1.0,0.978163062890409,0.9933792409084207,0.5256099928744538,1.0,0.9999995015248934,0.8,0.85,0.999510645866394,0.4999999950002483,0.9999995488258514,1.0,1.0,0.9999924967539696
HMP3_testP_95,0.9829232966206556,0.8889429383934245,0.9126512427683778,0.9177894915200434,1.0,0.9174262804777604,0.8757465058892695,0.5092572846847403,0.8,0.9872270605299489,0.79,0.8,0.9835677146911621,0.5012272587711188,0.9937695805971742,1.0,1.0,0.9982310349678729
HMP3_testP_96,0.9940972639199561,0.9705245116011205,0.8988508809078726,0.9794066093637216,1.0,0.9997531308405534,0.9606397981637246,0.5236932390804431,1.0,1.0,0.9,0.91,0.9986820816993713,0.50000010738746,0.9999999552743355,1.0,1.0,1.0
HMP3_testP_97,0.9978607425455779,0.972970937838137,0.9329287260586995,0.9853289233642439,1.0,0.9282484359209161,0.9600831698888357,0.5217181164550592,1.0,0.9999142248945703,0.93,0.95,0.9994511008262634,0.5074743164390245,0.999946814783717,1.0,1.0,0.9999958184858777
HMP3_testP_98,0.9888020903196275,0.9296713288173982,0.9041908742011274,0.9679723399635288,1.0,0.8622734320859651,0.9075902795122132,0.5192506780213497,1.0,0.9973956900136068,0.79,0.92,0.9957660436630249,0.5000000711972247,0.9996677919357942,0.0,1.0,0.9999812136891881
HMP3_testP_99,0.9953144504415264,0.9507502562192542,0.906830255056642,0.9809293859743812,1.0,0.960755299320578,0.9774046163967881,0.517281454313073,1.0,0.9999330657519725,0.89,0.87,0.9989480376243591,0.5003151522996144,0.9993808329810204,1.0,1.0,0.9999972817927137
HMP3_testP_100,0.9903659529936667,0.9466915053730925,0.9522589780457971,0.9797248680767106,1.0,0.9767897820279229,0.9705586481200291,0.5046987882871592,1.0,0.9999722759581573,0.85,0.88,0.9955722093582153,0.5005843680153998,0.9999983590283364,1.0,1.0,0.9999995945610537
HMP3_testP_101,0.9897057716188077,0.953244374062809,0.9578922733915514,0.971351382312155,1.0,0.987023385752219,0.9742611239605755,0.5174603426296496,1.0,0.999996973687164,0.85,0.87,0.9936933517456055,0.5000070266802753,0.9999700913757658,1.0,1.0,0.99999897638654
HMP3_testP_102,0.9719331644013606,0.9250590946369415,0.9565272985467582,0.9491782464435845,1.0,0.951017163152536,0.9534136651280364,0.5244134037542321,1.0,0.9906775100525207,0.77,0.8,0.9876026511192322,0.4999999998744084,0.9999972295939896,1.0,1.0,0.9999383553045769
HMP3_testP_103,0.9777139883355708,0.7546636357191213,0.8719928625074963,0.8256089632456012,1.0,0.7346885759502263,0.8759828369147179,0.5113929406043468,0.8,0.9996529040215036,0.61,0.65,0.8666802048683167,0.4999999950001808,0.9985647084099498,1.0,1.0,0.9999980601084684
HMP3_testP_104,0.9939472077582336,0.9321473977711326,0.9389635987994974,0.9709901042055923,1.0,0.9422228880582555,0.9108785683811852,0.5194409976910206,1.0,0.9996895540409328,0.8,0.92,0.9914159178733826,0.5000127795707489,0.9998574388647754,1.0,1.0,0.9999990246224876
HMP3_testP_105,0.7507779686024361,0.9108557538785531,0.7896460642705895,0.8368925427067498,1.0,0.8902922127113864,0.9420709309422992,0.5124353224699909,1.0,0.9896292492734762,0.71,0.63,0.9935510158538818,0.49999999500016656,0.9999202893984794,1.0,1.0,0.9999984290090926
HMP3_testP_106,0.9835085168200902,0.9232255654057617,0.64642433314393,0.9233559805221062,1.0,0.9999999666616735,0.9966358892153856,0.5084686283263272,1.0,1.0,0.85,0.74,0.9774525165557861,0.49999999500016656,0.9999999992889317,1.0,1.0,1.0
HMP3_testP_107,0.9923262004780304,0.9361586642770385,0.9576884994316852,0.9602074449653473,1.0,0.9729888246272382,0.9900679151667358,0.5100030465529393,1.0,0.9990798723131148,0.89,0.85,0.9854369759559631,0.5000009079570671,0.9998793996221637,1.0,1.0,0.9999951845413588
HMP3_testP_108,0.9983881751447266,0.9822331277603398,0.9690906911681665,0.976584048177402,1.0,0.9791415027099215,0.9816623329608684,0.5284117867359857,1.0,0.9999882390025729,0.92,0.91,0.9996389150619507,0.5013125949439634,0.999999011419708,1.0,1.0,0.9999999999187368
HMP3_testP_109,0.9754961588937471,0.8808735968898336,0.8705644066286758,0.92096296518934,0.0,0.5211377207486074,0.3749992293967083,0.5138162391102191,0.8,4.7943726844650814e-08,0.56,0.76,0.9928379654884338,0.49999999500018366,0.9855546160040771,0.0,0.0,4.5108592194466806e-08
HMP3_testP_110,0.9670077614466412,0.8426756499533407,0.8446538070360452,0.9493677879567788,1.0,0.7372403455978104,0.7725978814508314,0.5070706165668727,1.0,0.6278249203176341,0.66,0.81,0.9880637526512146,0.500353765837116,0.9986021490349996,1.0,1.0,0.9946943097496072
HMP3_testP_111,0.9949432210356293,0.9494452908669843,0.9106517985046076,0.9296866267840732,1.0,0.9542021080567499,0.9661859314739962,0.5251494822640583,1.0,0.9997552896164108,0.81,0.79,0.9989756345748901,0.5000395098211885,0.9935344496289266,1.0,1.0,0.9998407002366729
HMP3_testP_112,0.9800415679566186,0.8132894185258364,0.7293927028362407,0.9228060331793823,1.0,0.8769442327134481,0.8419021576204135,0.5085921869479733,1.0,0.6410505931036987,0.62,0.71,0.9891524314880371,0.49999999806202694,0.9457256777251238,1.0,1.0,0.9973682300822078
HMP3_testP_113,0.2575000144123244,0.5189325696841517,0.250449172208214,0.6290800760510848,1.0,0.7842465017205444,0.7903027641279226,0.5020355783340316,0.2,0.9940523532016241,0.45,0.64,0.2529592514038086,0.49994722104475975,0.7703413530704656,1.0,1.0,0.6944726549098185
HMP3_testP_114,0.9823019942099195,0.9123498424165403,0.8336129065851778,0.947831645597593,1.0,0.9490373723070812,0.9319050288050384,0.5188770625569226,1.0,0.9999903234146438,0.78,0.83,0.9940922856330872,0.5000294363404381,0.9934849722222332,1.0,1.0,0.9999999999812916
HMP3_testP_115,0.9495476122613562,0.8730816460031179,0.9013112226245732,0.924327480789335,1.0,0.9727767004722051,0.9207889537600517,0.5189325009387613,1.0,0.9999995939963042,0.85,0.73,0.9439065456390381,0.50003837153168,0.9999620617034329,1.0,1.0,0.999999999983199
HMP3_testP_116,0.9983964327501577,0.9736924525406888,0.9305211897450425,0.9868685960040979,1.0,0.9309112043843565,0.9559739863848791,0.5202744577381778,1.0,0.999910218124237,0.93,0.9,0.9993250370025635,0.5140560077791818,0.999947880032242,1.0,1.0,0.9999999974475537
HMP3_testP_117,0.9850299838435685,0.9261759847556409,0.9481734709307572,0.9603137407672324,1.0,0.9545457202602967,0.9709429888717604,0.5100016546777288,1.0,0.9997045737695675,0.78,0.79,0.988077700138092,0.5003228318411757,0.9999676007599578,1.0,1.0,0.9997215333772085
HMP3_testP_118,0.9952290342110325,0.9198560910847354,0.9703189565544675,0.9872300325854895,1.0,0.9229383585211596,0.9194491615048117,0.5152742024574427,1.0,0.8940710679605521,0.83,0.86,0.9977802634239197,0.5039982525804447,0.9999845451428948,0.0,1.0,0.9999939127604262
HMP3_testP_119,0.7587163826697707,0.5644198315098841,0.8050354390120921,0.46989266436123706,1.0,0.8077476065420065,0.821002146739767,0.5000344490129642,1.0,0.9723697389434257,0.58,0.4,0.711624026298523,0.49999999501379366,0.9962545059675719,1.0,1.0,0.9999985000200169
HMP3_testP_120,0.9410417194645886,0.8396817451493742,0.8479946680586002,0.8876972074270353,1.0,0.7750027362301027,0.8024061541499654,0.5142703466864722,0.6,0.7442091581702696,0.78,0.8,0.957456648349762,0.5000003594612713,0.9290507993208534,0.0,1.0,0.9999999728236967
HMP3_testP_121,0.9880028456780005,0.9004762893609005,0.9205052018891408,0.9492511256908477,1.0,0.873297534873426,0.8819116794207258,0.5142703466864722,0.8,0.8523842782760574,0.8,0.82,0.9978532195091248,0.5000007146571191,0.9999208977717342,0.0,1.0,0.9999999994085065
HMP3_testP_122,0.9870982845498127,0.8956819947170357,0.8680536669758683,0.9551212002635124,1.0,0.9605165222346725,0.9246729595375501,0.5184400677420755,1.0,1.0,0.83,0.76,0.9969262480735779,0.5000029624325963,0.9999888086417082,1.0,1.0,1.0
HMP3_testP_123,0.9879384868750761,0.8860343859606215,0.8798602979875806,0.959380423303434,1.0,0.8450832373945313,0.9542628456309332,0.5086363941821599,0.8,0.9975360526397806,0.7,0.73,0.9677053689956665,0.5000055620641717,0.9971931278429536,1.0,1.0,0.9848130168375071
HMP3_testP_124,0.1278824754084593,0.28273194117612066,0.1015070955246196,0.1310695788029132,1.0,0.7024057664702875,0.7018013035097757,0.5032936011319109,0.2,0.9586336532242916,0.38,0.42,0.044774528592824936,0.49989188545558627,0.0008483892062918206,1.0,1.0,0.7712350699026435
HMP3_testP_125,0.9780692472351736,0.8568833691469729,0.8261510526053317,0.8764166389187799,1.0,0.8534415303065425,0.6301306956783159,0.5185774946502031,0.8,0.00020115491809283355,0.75,0.75,0.9926508069038391,0.4999999978759457,0.9999080324337402,0.0,1.0,0.9999999989835637
HMP3_testP_126,0.9758342684769055,0.8170941322268473,0.8005211765064327,0.9028429011478946,1.0,0.7271129592393285,0.6816643421825587,0.5042804796269597,1.0,9.333073735828302e-06,0.78,0.79,0.9913498163223267,0.5000000931894245,0.9999984841825742,0.0,1.0,0.9999999997462092
HMP3_testP_127,0.8723572992388045,0.7330881119146048,0.23605761468565306,0.8224925028746956,0.0,0.4752724414878382,0.26217948879455594,0.5075524057036913,0.2,2.732940784953937e-30,0.57,0.6,0.9186180830001831,0.49999998409563073,0.016045129113435645,0.0,0.0,4.776302257466311e-45
HMP3_testP_128,0.9880185236046307,0.8673481246139966,0.7624734575408172,0.918186916717214,1.0,0.8449695609461757,0.7959957167317239,0.5034994180484207,1.0,0.7873468994169417,0.72,0.82,0.9939058423042297,0.49999999500016934,0.9981095850159742,1.0,1.0,0.09871867006221142
HMP3_testP_129,0.9982508656852713,0.8754138386535396,0.5,0.9471054614076899,1.0,0.6553332633392764,0.6871504855685016,0.5171006915615423,1.0,0.9999999999996874,0.75,0.81,0.9971380233764648,0.4999999950001666,0.006060227191277635,1.0,1.0,0.9999999994388331
HMP3_testP_130,0.6589689103971575,0.5109641109008655,0.7881223884790256,0.5638114635404342,1.0,0.6310754735033237,0.7327468953580983,0.5036710165866143,0.8,0.8608471536100852,0.61,0.56,0.3162647783756256,0.49999999500016656,0.5185443011118613,0.0,1.0,0.9978955193594977
HMP3_testP_131,0.335631908606244,0.625760041107343,0.13825631502895766,0.6269216811086673,0.0,0.03154813113727131,0.1656945149095957,0.5171930565882938,0.6,0.003656263944520273,0.53,0.56,0.3224790692329407,0.49999999500016656,1.0010034072442537e-05,1.0,0.0,3.0869503961037336e-05
HMP3_testP_132,0.9836230342834992,0.8834803388836241,0.8596530082630408,0.9534221315627919,1.0,0.7179235794524567,0.6625124996497296,0.5126294896939718,1.0,0.999525446980815,0.76,0.79,0.989855170249939,0.500900896746983,0.9992137969410771,1.0,1.0,0.9999999950461214
HMP3_testP_133,0.9966577044281824,0.9049995328917902,0.9170251249405256,0.949320653475566,1.0,0.9817198384577621,0.9654508394905912,0.5165966844166265,1.0,0.9999999999999432,0.83,0.72,0.9921507835388184,0.5000181777357442,0.9997027250504693,1.0,1.0,1.0
HMP3_testP_134,0.884443097821348,0.7498508335174761,0.8341173025533775,0.9294629078835521,1.0,0.9714187367524244,0.8853642252354675,0.5122700757936812,0.8,0.9679560520256786,0.64,0.71,0.9769993424415588,0.5029666908249428,0.9995652458633366,1.0,1.0,0.9573612058675404
HMP3_testP_135,0.9951569886214694,0.9408822681746857,0.9173439913303069,0.9782248642545782,1.0,0.8979116539809665,0.9393680293106061,0.513961389862988,1.0,0.9999999999998863,0.94,0.82,0.9965496063232422,0.5039786371930077,0.9999980986355975,1.0,1.0,1.0
HMP3_testP_136,0.942301880199364,0.780150270735741,0.8838134672783633,0.8908559009496052,1.0,0.6548411796717598,0.6093612780015171,0.5044991947373485,1.0,0.9972227769932757,0.72,0.76,0.9403457045555115,0.5101002854728414,0.9992137230138226,1.0,1.0,0.9999997915378268
HMP3_testP_137,0.9983882586719002,0.9199147783078246,0.8303944671776707,0.9815540545389106,1.0,0.7122342631482536,0.8924097649816628,0.5125526042970748,0.8,0.9995024795674258,0.83,0.91,0.9937534928321838,0.5011315680321529,0.9983693475508157,1.0,1.0,0.9999986868860157
HMP3_testP_138,0.9701388481745196,0.8448754295837372,0.8661430100271804,0.9316904506870625,0.0,0.3959008096034278,0.6484670264050271,0.5039338625341898,1.0,0.9932740371032547,0.7,0.87,0.9574392437934875,0.5000003404581306,0.999632333391878,1.0,1.0,0.9999990519008509
HMP3_testP_139,0.8162260599246494,0.7330579993006869,0.6553539130151766,0.8046745561675078,1.0,0.5708978539578731,0.7576193905516058,0.5054141787452792,0.6,0.9998115379787751,0.61,0.63,0.8329588770866394,0.5003736397466645,0.9361431919088422,1.0,1.0,0.9999970241964528
HMP3_testP_140,0.9957852685392363,0.9401019087474783,0.9068663508356568,0.9800323978226482,1.0,0.9577601311283687,0.9222940577097481,0.5106761993396599,1.0,0.9999999999999716,0.91,0.83,0.9927594661712646,0.5021987136167958,0.9999897679647567,1.0,1.0,1.0
HMP3_testP_141,0.6749429154076649,0.6056712200980254,0.20276787882339778,0.6083628352975381,0.0,0.26278723083337363,0.3153950007027699,0.5090638109043838,0.4,0.9041714436759639,0.58,0.62,0.7648988366127014,0.5042201181673605,0.9364027201318953,1.0,0.0,0.25957150440435267
HMP3_testP_142,0.20781625590692587,0.5360219117397061,0.5862439121187781,0.33353777066845247,1.0,0.8676039729799535,0.7663413339606359,0.4994811070778981,1.0,0.9999999999639613,0.67,0.35,0.42948946356773376,0.5000008601216298,0.996741226994272,1.0,1.0,1.0
HMP3_testP_143,0.9468529840825425,0.8050461567283502,0.7351604274731116,0.7501187974070044,1.0,0.9754414315586735,0.9061681041364356,0.5003618100971249,1.0,0.9999999999999432,0.74,0.68,0.9358682036399841,0.4999999960902619,0.9999952711361794,1.0,1.0,1.0
HMP3_testP_144,0.9847961562592484,0.900174735307581,0.853740485935906,0.953568749787439,1.0,0.825286385005768,0.8472579339311137,0.5126514797678456,1.0,0.9999999999977831,0.85,0.85,0.9886581301689148,0.5342501344126163,0.9997381088896647,1.0,1.0,1.0
HMP3_testP_145,0.986739621230272,0.8286143530741716,0.48478130195603425,0.956146526003637,1.0,0.5615401275620998,0.6839558984231092,0.5119958505134777,0.8,0.5205998676077471,0.67,0.78,0.9827787280082703,0.5000001837880951,0.991412651255929,1.0,1.0,0.7521162601664798
HMP3_testP_146,0.977443339014356,0.8586494856891885,0.7433794609603811,0.9212202821651421,1.0,0.792825541230608,0.7659549937540011,0.5058824324153525,0.8,0.999262903796145,0.8,0.82,0.9620795249938965,0.51476649438764,0.9923818908895343,1.0,1.0,0.9245726074339339
HMP3_testP_147,0.9892133985614378,0.9098606364502606,0.9455872524981163,0.9654435044146443,1.0,0.9975560428520153,0.9898774530628484,0.510210851021235,1.0,1.0,0.88,0.86,0.9972750544548035,0.5009837358075369,0.9999960691903779,1.0,1.0,1.0
HMP3_testP_148,0.9653541048470458,0.8097955253979017,0.7922353207070509,0.9622396870223172,1.0,0.9008880484499219,0.8806339105710217,0.5003723906894828,0.8,0.9999619057575139,0.65,0.63,0.9689427018165588,0.49999999500016656,0.9949507042137179,1.0,1.0,0.9999479415538812
HMP3_testP_149,0.9786240436119983,0.8598307092109552,0.8562752114557729,0.8936963182963261,1.0,0.9938229003346084,0.9838565991101573,0.5166382216590686,1.0,1.0,0.74,0.63,0.960858166217804,0.49999999500434894,0.9961300183712586,1.0,1.0,1.0
HMP3_testP_150,0.9561423674958685,0.7880605212020488,0.8302243849642135,0.9196146343704258,1.0,0.843974863424832,0.8029106353707557,0.49879818400385484,1.0,0.3907266402176952,0.73,0.81,0.8117110729217529,0.5000062708826808,0.9999128740125951,1.0,1.0,0.9998431260575702
HMP3_testP_151,0.6080662907241715,0.6175335431868645,0.7795866120254585,0.6811434886488215,1.0,0.9487031136250405,0.9560712737890783,0.510718388325674,0.8,0.9999999999999147,0.68,0.61,0.4334571659564972,0.49978793996919124,0.03057595940315249,1.0,1.0,1.0
HMP3_testP_152,0.8884473816291111,0.7468631350268609,0.5244846680327694,0.7889946062539259,1.0,0.44400592348840046,0.463043456407802,0.5098231303140677,1.0,5.4897594462871316e-05,0.64,0.76,0.9307838082313538,0.49999999500280007,0.045291551986191766,0.0,0.0,2.2598806884684995e-08
HMP3_testP_153,0.9944515029230171,0.9286997399503524,0.9413065624162854,0.9533550974417458,1.0,0.9638214997300589,0.9457503836590203,0.5137388482439561,1.0,1.0,0.91,0.89,0.987073540687561,0.5055049519593648,0.9999998306215512,0.0,1.0,1.0
HMP3_testP_154,0.9405598843045043,0.8265469589946853,0.9680600476852186,0.8531647034151609,1.0,0.9600750287483862,0.9261908228403772,0.5046593305256505,1.0,0.9999503243317117,0.82,0.76,0.9263788461685181,0.500000010309541,0.9999997946584938,1.0,1.0,0.9999984000025306
HMP3_testP_155,0.9738433390011985,0.8985543230947997,0.8958668886118406,0.953622764204661,1.0,0.9886680500871823,0.9872917329801262,0.5147948486899874,0.8,0.99999999999946,0.75,0.73,0.9740319848060608,0.5000003891553182,0.9945505314784551,1.0,1.0,1.0
HMP3_testP_156,0.7879254648019602,0.7386752398295091,0.7850146775025016,0.6960734575725358,1.0,0.8116644058699357,0.7514032837228884,0.4976622042665052,1.0,0.9996867530756738,0.66,0.56,0.6012690663337708,0.5000004829693875,0.9955321489392558,0.0,1.0,0.9998367264626503
HMP3_testP_157,0.8615348151187735,0.7984534690173315,0.673337634089653,0.8193828177419997,1.0,0.4232846432056121,0.5094697262053068,0.5159220626689246,0.6,0.6245593487116088,0.67,0.79,0.7488075494766235,0.5214311493962711,0.9559275362172366,1.0,1.0,0.7731910950080867
HMP3_testP_158,0.25580362240915644,0.3512818792646,0.3947526400320362,0.3913108952730236,1.0,0.7933451418993296,0.7062771135176346,0.48938973635268196,0.6,0.9998783865042854,0.43,0.5,0.5461750030517578,0.49999960038886265,0.06315833735717101,0.0,1.0,0.9651397585774345
HMP3_testP_159,0.7126092736011412,0.6514919254903564,0.48402073783649224,0.6106519646344223,0.0,0.42971029193810767,0.7274403599384325,0.5114683892408728,0.8,0.9579310850615605,0.64,0.58,0.44864600896835327,0.49999999500016656,0.023145021690337136,1.0,1.0,0.001585719235764914
HMP3_testP_160,0.05911005053977835,0.11975041469331525,0.5738501552963187,0.20969389658507587,1.0,0.705614443997273,0.33149564451565366,0.4880062238443607,0.4,0.0004023439271289738,0.29,0.31,0.012983224354684353,0.49999989279865026,0.708253336112681,0.0,0.0,0.9958580956307763
HMP3_testP_161,0.36384852458027417,0.18627304284082458,0.15133434332871545,0.12828382519568016,0.0,0.2925384773547152,0.2825162515976072,0.4986600316433111,0.2,0.00012161645417097943,0.32,0.26,0.24283471703529358,0.49999999500016656,0.007226354329132252,1.0,0.0,8.435403975480656e-05
HMP3_testP_162,0.9635284131954248,0.7913589568605985,0.8377253211961225,0.7723961593554233,1.0,0.7602501037533483,0.7330454222265924,0.5128817706098355,0.8,0.9426131950181551,0.62,0.74,0.9820438623428345,0.5006428101443949,0.9962477243451819,1.0,1.0,0.9993758710171927
HMP3_testP_163,0.95849133801164,0.8004888220357296,0.9079480772662767,0.9599580561350212,1.0,0.6509241482508307,0.8422809505768997,0.5088425761832455,0.8,0.9933102332656049,0.56,0.74,0.9703425168991089,0.4999999838168184,0.7602444965347398,1.0,1.0,0.9511315120642466
HMP3_testP_164,0.11454532760100374,0.42220648506690106,0.11686807177144545,0.36777597422661745,0.0,0.2607334101895758,0.34184178633447765,0.5088735525192666,0.6,0.5071239561750756,0.45,0.38,0.04037713259458542,0.49999999500016656,0.008805942167970171,0.0,0.0,0.0003198550473282902
HMP3_testP_165,0.9982190992897387,0.9488953199364932,0.9341754470692829,0.978201934392164,1.0,0.987501932884744,0.9907899607482145,0.5236720137588636,1.0,1.0,0.9,0.9,0.9966321587562561,0.5005613013682653,0.999857514489491,1.0,1.0,1.0
HMP3_testP_166,0.016800976746966192,0.24209480291393923,0.13285064511229733,0.19024804280914218,0.0,0.3703686432605805,0.4708529827492281,0.49803423225743687,0.2,4.8267232742983456e-06,0.26,0.31,0.042129337787628174,0.4956351774796275,0.003932824022015878,0.0,1.0,2.152122922197448e-12
HMP3_testP_167,0.47420091185025137,0.5866791686911932,0.9157944012413639,0.47174656345800015,1.0,0.9935939962275806,0.9820404462160413,0.5116149001799962,1.0,0.9999999850211908,0.7,0.56,0.499202698469162,0.4999999950019299,0.9999480916817867,0.0,1.0,0.9999999999272091
HMP3_testP_168,0.8693843917071579,0.7657056421982793,0.31712512443997304,0.8194961558540091,0.0,0.46253199236359516,0.44764670531671463,0.5076076721596472,0.4,2.712644345939724e-14,0.57,0.65,0.8481535911560059,0.49999999500016656,0.9786068122617821,0.0,0.0,7.143378965297276e-25
HMP3_testP_169,0.09767035312817145,0.32576369607763356,0.18043020907568724,0.3400244478992951,0.0,0.12142976709333801,0.19562760321858383,0.5045273459532765,0.0,4.067471346368812e-09,0.34,0.38,0.09093815833330154,0.49999999500016656,0.0005941535536451815,0.0,0.0,4.67998506652224e-20
HMP3_testP_170,0.966595160789404,0.8984055600286519,0.9455913663397878,0.8845229001714633,1.0,0.9949842040339829,0.9858499215614269,0.5273518228069618,0.8,0.99964610861871,0.6,0.66,0.9458481669425964,0.49999999500016656,0.9999644423322701,0.0,1.0,0.09260433316522888
HMP3_testP_171,0.9958335950002092,0.9419637909326023,0.9640093352193855,0.9703684356453015,1.0,0.9019781357001254,0.9399653560202688,0.5254298354607645,1.0,0.861535252806486,0.81,0.92,0.9970744848251343,0.5048001550008934,0.9999766365550107,0.0,1.0,0.9999981907296139
HMP3_testP_172,0.7428816135528465,0.37181705685765604,0.3725304796646605,0.5133834739944287,0.0,0.44557676278706904,0.11760616713366116,0.5036268874633548,0.6,1.431996104970421e-10,0.52,0.42,0.3676672875881195,0.49999999500016656,0.0026334429985753207,1.0,0.0,3.914272186762102e-09
HMP3_testP_173,0.9662393253486551,0.8819862298714121,0.9184969456620439,0.9462919687112212,1.0,0.9485492555605903,0.9846044898640197,0.531983538877071,0.8,0.9997492236432531,0.63,0.58,0.9975918531417847,0.4999999956717115,0.9998751665326713,1.0,1.0,0.9999928961707081
HMP3_testP_174,0.29931147847281875,0.21502083129635027,0.17333461639765624,0.20762975601401554,0.0,0.2500663882491322,0.09457557928702237,0.5034363635725311,0.4,9.727659153135123e-07,0.43,0.39,0.06806614249944687,0.49999999500016656,0.0030784908010394263,1.0,0.0,1.1945349015509179e-08
HMP3_testP_175,0.06265690906262639,0.20712870381649742,0.330889179896116,0.292451188788058,1.0,0.3744414907556144,0.6116953915635566,0.4927328260176662,0.6,0.022184083394429895,0.5,0.44,0.03130596503615379,0.49999999500016656,0.23123523263908893,1.0,1.0,0.08888675149540504
HMP3_testP_176,0.029804011628160272,0.16743948931464522,0.15404768874994104,0.11722406220838022,0.0,0.6387586600022428,0.5597779927395183,0.48373666391896225,0.4,1.6507069100295692e-15,0.26,0.33,0.023737691342830658,0.49999999499887304,0.0015234649793747436,1.0,1.0,1.2830850536984137e-28
HMP3_testP_177,0.6018497570443164,0.47489299557878156,0.49207943101038476,0.6230712596186804,1.0,0.74414570315268,0.9989414486575268,0.5145025784179188,0.6,0.2702580077129244,0.53,0.51,0.3096384108066559,0.49999999500016656,0.9951845871472981,0.0,1.0,1.0
